Date,SPY_AdjClose,SPY_Volume,QQQ_AdjClose,QQQ_Volume,RSP_AdjClose,RSP_Volume,VIX,Treasury10Y,Curve10Y2Y,CreditSpread_BAA10Y,WTI,BroadUSD,RSP_SPY_Ratio,SPY_Volume_Z20,SPY_Return1D,QQQ_Return1D,SPY_RVol20,SPY_Drawdown63,SPY_Fwd5D_Return,QQQ_Fwd5D_Return
2021-08-17,415.0134277,92673900,354.9371033,44793900,141.8867645,3097700,17.91,1.26,1.03,1.98,66.5,113.6174,0.3418847561,,,,,0,0.008850473117,0.02362393136
2021-08-18,410.4711304,89351900,351.5209656,38541900,140.4237061,1788100,21.57,1.27,1.04,1.97,65.36,113.6959,0.3421037332,,-0.01094494072,-0.009624628318,,-0.01094494072,0.02215501522,0.03475905443
2021-08-19,411.1066589,92812200,353.2192993,48499400,140.1108551,2900600,21.67,1.24,1.02,1.98,63.69,114.1106,0.340813879,,0.001548290531,0.004831386764,,-0.009413596134,0.0145499903,0.02324419036
2021-08-20,414.3778992,72008700,356.8780212,39486000,141.1230011,2207100,18.56,1.26,1.03,1.96,62.25,114.5009,0.3405659457,,0.007957157013,0.01035821636,,-0.001531344583,0.01554019694,0.02259816615
2021-08-23,418.0229797,54973000,362.2157288,34034700,142.1811981,1745500,17.15,1.25,1.02,1.97,65.65,113.9418,0.3401277083,,0.008796512975,0.01495667203,,0,0.01111202205,0.01883557157
2021-08-24,418.6864929,38744700,363.322113,21732900,142.7608795,1144400,17.22,1.29,1.05,1.95,67.5,113.6795,0.3409732149,,0.001587264853,0.003054489879,,0,0.008014202247,0.01490507746
2021-08-25,419.5651245,40529700,363.739502,20441900,143.5154114,1225400,16.79,1.35,1.12,1.93,68.54,113.6322,0.3420575329,,0.002098542959,0.00114881231,,0,0.006437591238,0.01542132337
2021-08-26,417.0882568,57829600,361.4295959,29133300,142.5308533,1735300,18.84,1.34,1.09,1.92,67.42,113.7883,0.3417282816,,-0.005903416493,-0.006350440338,,-0.005903416493,0.015529136,0.02142734409
2021-08-27,420.8174133,77235100,364.9428101,27104700,144.0582886,1623800,16.39,1.31,1.09,1.92,68.84,113.3404,0.3423296756,,0.008940929007,0.009720327695,,0,0.006285577741,0.01470592416
2021-08-30,422.6680603,48357400,369.038269,27295700,143.8466492,1514900,16.19,1.29,1.09,1.92,69.28,113.246,0.3403300667,,0.00439774333,0.01122219392,,0,-0.001702673078,0.004865022924
2021-08-31,422.0419312,59300200,368.7374573,29628200,143.8190918,1477800,16.48,1.3,1.1,1.94,68.43,113.1076,0.3407696752,,-0.001481373232,-0.0008151235056,,-0.001481373232,-0.001439606869,0.002184346677
2021-09-01,422.2661133,48721400,369.3488464,28138300,143.8466492,1300100,16.11,1.31,1.11,1.92,68.63,112.8732,0.3406540204,,0.0005311844922,0.0016580609,,-0.0009509756219,-0.00624153707,-0.002916592269
2021-09-02,423.5652771,42501000,369.1740723,25453400,144.821991,1321600,16.41,1.29,1.09,1.92,70.07,112.7863,0.3419118582,,0.003076647113,-0.0004731953859,,0,-0.01710104344,-0.01001562689
2021-09-03,423.4624939,47170500,370.3096313,24605400,144.3527374,1118900,16.41,1.33,1.12,1.91,69.34,112.5476,0.3408867125,,-0.0002426620138,0.003075944838,,-0.0002426620138,-0.01434633377,-0.0137327178
2021-09-07,421.9483948,51671500,370.8336487,23970200,143.1473846,1626100,18.14,1.38,1.16,1.91,68.49,112.9795,0.3392532983,,-0.003575521192,0.001415078868,,-0.003817315563,-0.01614750906,-0.01792654506
2021-09-08,421.4343567,56181900,369.5429077,32949200,143.0553436,1438600,17.96,1.35,1.13,1.91,69.36,113.2319,0.3394486979,,-0.001218248706,-0.003480646838,,-0.005030913829,-0.006719692248,-0.007169435557
2021-09-09,419.6305237,57970400,368.2716064,29399000,142.6504974,1464200,18.8,1.3,1.07,1.9,68.26,113.043,0.3399430913,,-0.004280222956,-0.003440199346,,-0.009289603352,-0.004031285369,-0.003057213725
2021-09-10,416.3218689,89948200,365.4765625,40249400,141.7119446,1987200,20.95,1.35,1.12,1.88,69.82,112.9425,0.340390345,,-0.00788468569,-0.007589626505,,-0.01710104344,-0.005894941627,-0.007329113983
2021-09-13,417.3873596,83738600,365.2242737,48741800,142.1075897,2194700,19.37,1.33,1.12,1.87,70.54,113.0341,0.3404693181,,0.002559295589,-0.0006903009502,,-0.01458551448,-0.02496616753,-0.02716911706
2021-09-14,415.1349792,78197100,364.1858826,41826600,141.0954132,2146300,19.46,1.28,1.07,1.87,70.53,113.0061,0.3398784016,0.8251863192,-0.005396378973,-0.002843160184,,-0.01990318449,-0.02060207703,-0.02319492882
2021-09-15,418.6024475,78792200,366.8934937,34097900,142.3468323,2816800,18.18,1.31,1.1,1.85,72.59,112.9773,0.3400525561,0.909958608,0.008352628507,0.00743469534,0.0901061926,-0.01171679988,-0.01924010508,-0.02134696282
2021-09-16,417.9388733,77786700,367.1457214,35193100,142.0799713,2159100,18.69,1.34,1.11,1.84,72.69,113.3036,0.3399539511,0.9159946494,-0.001585213423,0.000687468673,0.07996765497,-0.01328343968,-0.005748001409,-0.01299566083
2021-09-17,413.8676758,118425000,362.7979431,60912300,140.8193665,3120900,20.81,1.37,1.14,1.83,72.09,113.5989,0.3402521499,2.211100642,-0.009741131467,-0.01184210537,0.08837837556,-0.02289517541,0.00568649046,-0.0002299766583
2021-09-20,406.9667969,166445500,355.3014526,76203200,138.6925354,4130100,25.71,1.31,1.08,1.84,70.41,113.9422,0.3407957024,2.57606563,-0.01667411907,-0.02066299057,0.1023936283,-0.03918753761,0.01981389807,0.01271520473
2021-09-21,406.5823364,92526100,355.7386169,41927500,138.1938477,2452700,24.36,1.33,1.11,1.83,70.51,113.8179,0.33989142,0.9084300822,-0.0009446973369,0.001230403938,0.09580784282,-0.04009521458,0.0002076126126,-0.01715138481
2021-09-22,410.5484924,102350100,359.0614319,46972900,139.7453766,3319000,20.87,1.32,1.07,1.83,72.37,113.6223,0.3403870168,1.0718595,0.009754865498,0.009340607916,0.1032483208,-0.03073147251,-0.007787864775,-0.02784324808
2021-09-23,415.5365601,76396000,362.3744202,44652000,141.7955322,3218400,18.63,1.41,1.14,1.81,73.43,113.513,0.3412347934,0.2069849717,0.01214976481,0.009226800728,0.1129107713,-0.01895508786,-0.0316798937,-0.04027055103
2021-09-24,416.2211304,62094800,362.7145081,36056800,142.0356445,2444000,17.75,1.47,1.18,1.8,74.18,113.7597,0.3412504416,-0.4002010402,0.001647437021,0.0009384986128,0.1112501032,-0.01733887815,-0.02178376673,-0.03522380219
2021-09-27,415.0303955,61371100,359.8191833,43338100,142.5066376,3239300,18.76,1.48,1.17,1.78,75.54,113.7432,0.3433643394,-0.3996624941,-0.002860822713,-0.007982379096,0.1063355543,-0.02015009741,-0.03162852813,-0.04787357338
2021-09-28,406.666748,130436300,349.637207,97701600,140.3733215,4857900,23.25,1.54,1.23,1.8,75.44,114.2469,0.3451802298,1.564138785,-0.02015189141,-0.02829748048,0.1249015555,-0.03989592624,-0.001429573148,-0.006919054628
2021-09-29,407.3511963,82329200,349.0639954,58076600,140.6780701,2633500,22.56,1.55,1.25,1.81,75.06,114.7092,0.3453483661,0.2479662066,0.001683069111,-0.001639446999,0.1255450708,-0.03828000473,0.001035729173,0.001085317363
2021-09-30,402.372406,140506000,347.7814026,61384600,138.3600922,4426400,23.14,1.52,1.24,1.85,75.22,114.6403,0.3438607869,1.547542419,-0.01222235341,-0.003674377164,0.1305474077,-0.05003448639,0.02218394791,0.01399636595
2021-10-01,407.1542664,129240100,349.938324,56375500,140.2255707,3351600,21.15,1.48,1.21,1.85,76.01,114.3798,0.3444040313,1.222141633,0.01188416571,0.006201945736,0.1389040862,-0.03874493881,0.008336462011,0.002721077994
2021-10-04,401.903595,128570000,342.5933533,76766000,139.3389893,4596900,22.96,1.49,1.22,1.85,77.68,114.2739,0.3466975439,1.113773285,-0.01289602448,-0.02098932926,0.1440239156,-0.05114130761,0.01411427261,0.0163632977
2021-10-05,406.0853882,90682500,347.2180481,47232900,140.33638,2497600,21.3,1.54,1.26,1.84,79.17,114.3654,0.3455834268,-0.004301317724,0.01040496593,0.01349907924,0.1511049706,-0.04126846524,0.001200681827,-0.0006716682307
2021-10-06,407.7731018,113032200,349.4428406,56806500,140.5303345,2846900,21,1.53,1.23,1.84,77.66,114.7185,0.3446287503,0.6234662181,0.004156056022,0.006407479371,0.1526096115,-0.03728392327,0.0006439199668,0.0009177730698
2021-10-07,411.2986145,72437500,352.6490784,39411200,141.7216339,2243800,19.54,1.58,1.26,1.85,78.46,114.5044,0.3445711435,-0.9726882156,0.008645770601,0.009175285399,0.1564503193,-0.02896050092,0.008753818327,0.01008341839
2021-10-08,410.5484924,74557400,350.8905334,41822300,141.3892059,1861000,18.77,1.61,1.29,1.84,79.55,114.5986,0.3443910002,-0.8211554216,-0.001823789441,-0.00498667097,0.154355446,-0.03073147251,0.01829329437,0.02154152107
2021-10-11,407.5761719,65233300,348.1993103,34847200,140.6134186,1408300,20,1.61,1.29,1.84,80.64,114.5986,0.344999115,-1.201271858,-0.007239876924,-0.007669694358,0.1555652051,-0.03774885735,0.02875633748,0.03978914608
2021-10-12,406.5729675,71181200,346.9848328,43905100,140.6503906,1524000,19.85,1.59,1.24,1.82,80.75,114.7542,0.3459413238,-0.8792522642,-0.00246139106,-0.003487880369,0.1548480468,-0.04011733371,0.039250872,0.05132445482
2021-10-13,408.035675,72974000,349.7635498,40120800,140.8812714,2283400,18.64,1.56,1.19,1.79,80.67,114.4705,0.345267044,-0.7763713016,0.003597650696,0.008008180124,0.1519329566,-0.03666401117,0.03959272169,0.04161101442
2021-10-14,414.8990479,70236800,356.2049866,43433900,143.300827,1646800,16.86,1.52,1.16,1.81,81.43,114.2053,0.3453872159,-0.8749092677,0.0168205214,0.01841654675,0.1648654126,-0.02046019756,0.02506220481,0.02902102231
2021-10-15,418.0587769,66260200,358.4492493,40419900,143.7902832,2032700,16.3,1.59,1.18,1.76,82.39,114.0905,0.3439475288,-0.96404911,0.0076156574,0.006300480846,0.1632051079,-0.01300035801,0.01626058932,0.01398626642
2021-10-18,419.2965698,62213200,362.0538635,34513500,143.8456879,1658200,16.31,1.59,1.15,1.72,82.62,113.9899,0.3430643087,-1.108597797,0.002960810865,0.0100561356,0.1500677448,-0.01007803875,0.01869440759,0.01416867017
2021-10-19,422.531311,46996800,364.7936401,29091000,144.6861115,1576200,15.7,1.65,1.24,1.72,83.19,113.647,0.3424269579,-1.805384701,0.007714685604,0.007567317704,0.151311993,-0.002441102046,0.01180549125,0.009721373335
2021-10-20,424.190918,49571600,364.3175659,31390300,145.7943573,1919700,15.49,1.65,1.25,1.75,84.4,113.5083,0.3436998557,-1.445410756,0.003927772665,-0.001305050764,0.1487268481,0,0.00338182581,0.01338738166
2021-10-21,425.2973328,41305400,366.5424194,25469300,145.9697571,1870600,15.01,1.68,1.23,1.74,82.64,113.6188,0.3432181343,-1.745821504,0.002608294398,0.006106907061,0.1435836752,0,0.01042806464,0.01842199169
2021-10-22,424.8566589,58845100,363.462616,36275800,146.3853149,1547500,15.43,1.66,1.18,1.72,84.53,113.67,0.3445522434,-0.7364621519,-0.001036154695,-0.008402311175,0.1437887329,-0.001036154695,0.01352837365,0.03210368009
2021-10-25,427.1350708,45214500,367.1836853,32597800,146.7178345,2595000,15.24,1.64,1.17,1.73,84.64,113.605,0.3434928305,-1.370610679,0.005362777815,0.01023783237,0.1437728265,0,0.009856418404,0.02513673056
2021-10-26,427.5195007,56075100,368.3399353,47191300,146.4315186,2502700,15.98,1.63,1.16,1.71,85.64,113.674,0.3425142439,-0.7143022754,0.0009000195908,0.003148968885,0.1190639225,0,0.01302752046,0.02619181503
2021-10-27,425.6254578,72438000,369.1948242,45760500,144.4829254,2476600,16.98,1.54,1.04,1.69,82.66,113.6218,0.3394602526,0.02580192448,-0.004430307777,0.002320923783,0.1215914732,-0.004430307777,0.02374757966,0.03468422626
2021-10-28,429.7323608,51437900,373.2948608,38007000,145.9513092,1758500,16.53,1.57,1.07,1.69,82.78,113.4389,0.3396330426,-0.876372015,0.009649101108,0.01110534697,0.111490953,0,0.01874221938,0.03643732905
2021-10-29,430.6042786,70162400,375.1311035,37310100,145.6927185,1324400,16.26,1.55,1.07,1.69,83.5,114.1349,0.3383448,0.2026265196,0.002028978509,0.004919014078,0.1068392751,0,0.02020681584,0.03234814716
2021-11-01,431.3450928,48433600,376.4134827,30765300,146.8563385,2186400,16.41,1.58,1.08,1.69,84.08,114.2067,0.3404613637,-1.065164895,0.001720406057,0.003418482601,0.08950436762,0,0.01932438754,0.0274374333
2021-11-02,433.0890198,48908400,377.9874268,25135300,147.2626953,1759200,16.03,1.56,1.1,1.71,83.91,114.2847,0.3400286975,-0.9365756628,0.004042997199,0.00418142326,0.08582074408,0,0.01186389477,0.01611632008
2021-11-03,435.7330322,52509800,382.000061,33748900,148.1307831,2342600,15.1,1.6,1.13,1.7,80.82,114.3593,0.3399576624,-0.5950041246,0.006105009202,0.0106157877,0.08637431564,0,-0.002366981601,-0.009334143301
2021-11-04,437.786499,52847100,386.8967285,40265300,147.8260345,2505200,15.44,1.53,1.12,1.73,78.88,114.3558,0.3376669561,-0.49226037,0.004712671854,0.01281849921,0.08426983899,0,-0.006725227648,-0.01916029491
2021-11-05,439.3054199,66390600,387.2658997,43383800,148.9527283,2047600,16.48,1.45,1.06,1.73,81.25,114.0732,0.3390641716,0.7925114484,0.003469547146,0.0009541852266,0.0822048712,0,-0.002689306684,-0.009784215499
2021-11-08,439.6805725,50405200,386.7413025,29256300,149.1743622,1344700,17.22,1.51,1.06,1.67,81.96,113.8256,0.3392789482,-0.6703079663,0.0008539675835,-0.001354617508,0.0727870048,0,-0.003198969311,-0.008667187101
2021-11-09,438.2271423,51149100,384.0791931,50490700,149.155899,1152300,17.78,1.46,1.05,1.67,84.12,113.762,0.340362074,-0.5158270073,-0.003305650208,-0.006883436959,0.07380606977,-0.003305650208,0.004065369311,0.005312141974
2021-11-10,434.7016602,69429700,378.4344177,54937400,148.2046509,2132400,18.73,1.56,1.05,1.66,81.23,114.1484,0.3409341727,1.295948715,-0.008044874078,-0.01469690494,0.0848953369,-0.01132393075,0.009749581306,0.02084675513
2021-11-11,434.8422852,34848500,379.4836731,32243000,148.5648346,1083100,17.66,1.56,1.05,1.66,81.47,114.1484,0.3416522258,-2.290829558,0.0003234977293,0.002772621416,0.0683288727,-0.01100409628,0.012851297,0.028572196
2021-11-12,438.1239929,53466700,383.4768066,34730600,149.2851562,1188500,16.29,1.58,1.05,1.69,80.87,114.5144,0.3407372312,0.01902114304,0.007546892001,0.01052254373,0.06825910726,-0.003540251008,0.003467083464,0.02353680253
2021-11-15,438.2740479,46980500,383.3893433,33716900,149.5437622,1194200,16.49,1.63,1.1,1.7,80.85,114.5876,0.341210626,-0.6145979128,0.0003424942118,-0.0002280799709,0.06858313317,-0.003198969311,0.0002995537193,0.01188515201
2021-11-16,440.0086975,48857500,386.1194763,27872900,149.7377014,1732100,16.37,1.63,1.09,1.72,80.76,115.136,0.3403062309,-0.412272072,0.003957910962,0.007121045758,0.06583592804,0,-0.002322896644,0.0001508809066
2021-11-17,438.9398193,47858300,386.3235474,28703300,148.9434967,1608600,17.11,1.6,1.08,1.74,78.32,115.0263,0.3393255525,-0.5145758459,-0.002429220558,0.0005285178745,0.06726571877,-0.002429220558,0.00277671558,0.002841682433
2021-11-18,440.4305725,50625600,390.326355,45721500,148.3986206,1280400,17.59,1.59,1.07,1.73,78.92,115.0678,0.3369398717,-0.2742352496,0.003396258685,0.01036128303,0.06746176449,0,-0.02290689687,-0.02626015483
2021-11-19,439.6430054,57315600,392.5026245,45191700,147.4381561,1595000,17.91,1.54,1.02,1.73,76.11,115.2187,0.3353588123,0.4530154303,-0.001788175453,0.005575512654,0.06792613978,-0.001788175453,-0.009149310624,-0.01064383806
2021-11-22,438.4053345,72762000,387.9459839,61715400,147.6690521,2230300,19.17,1.63,1,1.71,76.74,115.6481,0.3368322429,1.612019669,-0.0028151725,-0.01160919785,0.06831221212,-0.004598313931,-0.02568617424,-0.01372388791
2021-11-23,438.9866028,73206500,386.1777344,70098700,148.2785339,2112100,19.38,1.67,1.07,1.73,78.32,116.0118,0.3377746223,1.475593426,0.001325869612,-0.00455797865,0.06829488668,-0.003278541084,-0.03778358317,-0.02606408334
2021-11-24,440.1586304,61858800,387.4213562,46954400,148.3524017,1595200,18.58,1.64,1,1.72,78.32,116.2711,0.3370430374,0.6769027092,0.002669848192,0.003220335393,0.06491454146,-0.0006174460985,-0.02564750562,-0.0221936581
2021-11-26,430.3416748,112669600,380.0763245,51533300,144.4922028,3644300,28.62,1.48,0.98,1.82,78.32,116.5103,0.3357615848,2.799038111,-0.02230322181,-0.01895876833,0.101638231,-0.02290689687,-0.01209217274,-0.0206287109
2021-11-29,435.620575,86268800,388.3248901,54447100,145.7019806,2657000,22.96,1.52,1.01,1.81,69.88,116.581,0.334469924,1.580145043,0.01226676489,0.02170239276,0.1103512492,-0.0109211255,-0.01250538113,-0.03375092242
2021-11-30,427.1443787,148559600,382.6218567,81332700,141.8416748,4223100,27.19,1.43,0.91,1.81,66.14,116.2071,0.3320696277,2.70568043,-0.01945775011,-0.01468624235,0.1311510641,-0.03016637508,0.02792193313,0.01018236681
2021-12-01,422.400116,131939200,376.1123657,77766500,140.0778046,6193400,31.12,1.43,0.87,1.81,65.44,115.889,0.3316234993,1.970076451,-0.01110692996,-0.01701285709,0.1352195612,-0.04093824922,0.04221958388,0.03226375213
2021-12-02,428.8696594,127637800,378.8230591,84416600,143.4670715,5321200,27.95,1.44,0.81,1.8,66.6,116.018,0.3345237146,1.636732059,0.01531614981,0.007207137032,0.1454018248,-0.02624911577,0.01956728577,0.009797012456
2021-12-03,425.1379089,137331600,372.2358398,105349100,142.6821442,5924200,30.67,1.35,0.75,1.81,66.39,116.2377,0.3356137883,1.592039909,-0.008701362771,-0.0173886438,0.1465056444,-0.03472207546,0.03819884388,0.03883795464
2021-12-06,430.1729736,98977500,375.2185669,67588800,144.796936,4885400,27.18,1.43,0.78,1.79,69.62,116.1538,0.3366016577,0.7606328714,0.01184336798,0.008013003401,0.153083144,-0.0232899338,0.01695782918,0.01569121253
2021-12-07,439.0710754,95484700,386.5178528,56005300,147.2442169,2510800,21.89,1.48,0.78,1.75,71.94,115.8555,0.3353539442,0.60795046,0.0206849392,0.03011387731,0.1713702436,-0.00308674546,-0.01050677321,-0.0242063092
2021-12-08,440.2336731,72238800,388.2471619,39204000,147.622879,3000100,19.9,1.52,0.84,1.79,72.43,115.4418,0.3353284586,-0.08674331581,0.002647857537,0.004474072982,0.1711563976,-0.0004470611859,0.002300289271,-0.006406183641
2021-12-09,437.2614746,61272600,382.5343933,49973700,146.5700684,1829500,21.58,1.49,0.79,1.81,70.87,115.7784,0.3352000505,-0.4625060593,-0.006751411053,-0.01471425709,0.1703814273,-0.007195453945,0.0002143328143,-0.0174993201
2021-12-10,441.3776855,77159800,386.6927185,52545800,147.521286,2200800,18.69,1.48,0.81,1.83,71.71,115.5732,0.334229144,-0.01031226328,0.009413614454,0.01087046098,0.1733925017,0,-0.01965938891,-0.03291391063
2021-12-13,437.4677734,87724700,381.1062012,50166400,146.4500275,3743000,20.31,1.42,0.76,1.82,71.19,115.842,0.3347675791,0.2679294872,-0.008858427232,-0.01444691629,0.1747033743,-0.008858427232,-0.02141508191,-0.02825628711
2021-12-14,434.4578552,97264100,377.1616821,75199200,145.5727234,3265000,21.89,1.44,0.77,1.82,70.57,116.2397,0.3350675368,0.4716906017,-0.006880319867,-0.01035018331,0.1763793032,-0.01567779829,0.002863662401,0.00388224326
2021-12-15,441.2463379,116899300,385.7599792,73858000,147.1611023,4800700,19.29,1.47,0.78,1.83,70.89,116.4219,0.3335123482,0.9057909462,0.01562518109,0.02279737716,0.18484291,-0.0002975856292,-0.00269200125,-0.006540204673
2021-12-16,437.3551941,116568600,375.8403015,82591400,146.9025421,4805000,20.57,1.44,0.8,1.87,72.34,115.7146,0.3358884131,0.8229133476,-0.00881852939,-0.02571463674,0.1874238961,-0.009113490751,0.01244140866,0.02736795438
2021-12-17,432.70047,135511600,373.9651489,80492500,144.9539337,6970300,21.57,1.41,0.75,1.87,70.93,115.791,0.3349983274,1.21415088,-0.01064289206,-0.004989227021,0.1905352739,-0.01965938891,0.03781495506,0.04958393483
2021-12-20,428.0993652,107134800,370.3375549,65336800,143.4664612,6794600,22.87,1.43,0.78,1.89,68.69,116.0092,0.3351242091,0.34520403,-0.01063346369,-0.009700353107,0.1936943045,-0.0300838052,0.04811212749,0.05495301651
2021-12-21,435.7019958,69806300,378.6259155,48899500,146.3746796,3589700,21.01,1.48,0.78,1.88,71.1,116.1089,0.3359513635,-1.20118016,0.01775903267,0.02238055656,0.2049429964,-0.01285903181,0.0311405348,0.03170507755
2021-12-22,440.0585022,58890200,383.23703,37042200,147.4027557,1855000,18.63,1.46,0.78,1.86,72.82,115.7485,0.3349617267,-1.68223357,0.009998821188,0.01217854963,0.2081042284,-0.002988785779,0.01811012149,0.01624569564
2021-12-23,442.7965088,56439700,386.1262817,29595500,148.4030457,1614100,17.96,1.5,0.79,1.86,73.89,115.5337,0.3351495387,-1.764296299,0.006221914991,0.007539072382,0.2090424064,0,0.009264790735,0.002343078324
2021-12-27,449.0630188,56808600,392.5078125,32820700,150.3017578,2518200,17.68,1.48,0.72,1.86,75.49,115.4684,0.3347008137,-1.531387927,0.01415212154,0.01652705621,0.1962336239,0,0.0009428540342,-0.004461308991
2021-12-28,448.6961365,47274600,390.6887207,33113700,150.5332489,2754600,17.54,1.49,0.75,1.86,76.01,115.4192,0.3354904058,-1.8214376,-0.0008169951852,-0.004634536534,0.1928007196,-0.0008169951852,0.001425775571,-0.01279869346
2021-12-29,449.269989,54503000,390.6302795,32248500,150.9778748,2915200,16.95,1.55,0.8,1.85,76.58,115.3678,0.3360515468,-1.290187514,0.001278933542,-0.000149584974,0.1761666727,0,-0.01905822019,-0.04298348155
2021-12-30,448.0280151,55329000,389.4629822,23850100,150.7370758,2090100,17.33,1.52,0.79,1.85,76.83,115.283,0.3364456478,-1.131640006,-0.00276442653,-0.002988240862,0.1699450087,-0.00276442653,-0.01726301415,-0.04078938574
2021-12-31,446.8989258,65237400,387.0310059,34752900,150.7370758,3194700,17.22,1.52,0.79,1.85,75.33,115.283,0.3372956772,-0.5796059542,-0.002520131147,-0.006244435106,0.1645125642,-0.00527759096,-0.01867538233,-0.04521822342
2022-01-03,449.4864197,72668200,390.7567139,40575900,150.866684,3841500,16.6,1.63,0.85,1.82,75.99,115.4101,0.3356423628,-0.1727350481,0.00578988614,0.009626381224,0.1598553353,0,-0.02553831545,-0.05369931514
2022-01-04,449.3358765,71178700,385.6884155,58027200,152.0800171,3532000,16.91,1.66,0.89,1.84,77,115.3103,0.3384550957,-0.1900792947,-0.0003349227169,-0.01297047027,0.1565656526,-0.0003349227169,-0.01633330929,-0.02686189325
2022-01-05,440.7077026,104538900,373.8396301,75739800,149.7367554,5266400,19.73,1.71,0.88,1.8,77.83,115.137,0.3397643256,1.059061226,-0.01920205859,-0.03072113375,0.158209077,-0.0195305501,0.005636408836,0.007962872094
2022-01-06,440.2937012,86858900,373.5770264,70814300,150.0701752,3597700,19.61,1.73,0.85,1.78,79.47,115.4046,0.3408410676,0.4190859403,-0.0009394014726,-0.0007024502985,0.1579951968,-0.02045160455,-0.007287310993,-0.01656170567
2022-01-07,438.5529175,85111600,369.5301514,72652300,149.8293915,4051800,18.76,1.76,0.89,1.78,79,115.0451,0.3416449544,0.3026256986,-0.003953687474,-0.01083277267,0.156703754,-0.02432443277,-0.002939215345,0.0003949205716
2022-01-10,438.0072937,119362000,369.7733459,91770500,149.0791473,5845200,19.4,1.78,0.86,1.76,78.11,115.2216,0.3403576824,1.285734831,-0.00124414582,0.0006581183678,0.1529075038,-0.02553831545,-0.01937680659,-0.0251505088
2022-01-11,441.9967346,74303100,375.3280945,68295700,150.486969,4053700,18.41,1.75,0.85,1.76,81.17,114.8332,0.340470771,-0.1825853022,0.009108160926,0.01502203606,0.1529306876,-0.01666276161,-0.03831827846,-0.05012696005
2022-01-12,443.1917114,67605400,376.8164673,54576400,150.6073608,3526500,17.62,1.74,0.82,1.77,82.51,114.355,0.3398244077,-0.4266293397,0.002703587409,0.003965524629,0.1505118451,-0.01400422343,-0.05152643765,-0.06616752738
2022-01-13,437.085144,91173100,367.3899536,77994000,149.9127502,3157800,20.31,1.7,0.79,1.8,81.97,114.177,0.3429829457,0.5878882849,-0.01377861369,-0.02501619353,0.1488966372,-0.02758987834,-0.05715457305,-0.06876535992
2022-01-14,437.263916,95890900,369.6760864,80121200,149.6533966,3948500,19.19,1.78,0.79,1.79,83.82,114.3825,0.3422495914,0.8185405775,0.0004090094918,0.0062226329,0.1455686608,-0.02719215337,-0.05353767909,-0.07028767629
2022-01-18,429.5201111,109709100,360.4733582,75450900,147.2730865,4653200,22.79,1.87,0.81,1.78,85.42,114.7373,0.3428782093,1.411699765,-0.01770968207,-0.02489403185,0.1543375609,-0.04442027105,-0.0482375414,-0.06865464086
2022-01-19,425.0601807,109357600,356.5140381,81791500,145.744873,4899600,23.85,1.83,0.79,1.77,86.84,114.6109,0.3428805606,1.38857143,-0.01038351943,-0.01098366905,0.1541185121,-0.05434255173,-0.04066412069,-0.05978521949
2022-01-20,420.3556213,122379700,351.8834534,88610700,143.8925171,7227200,25.59,1.83,0.75,1.79,86.29,114.4642,0.3423113901,1.579468955,-0.01106798411,-0.01298850598,0.1428465915,-0.06480907334,-0.03471733739,-0.05700533636
2022-01-21,412.1037292,202271200,342.1262512,143388900,141.7900696,8646900,28.85,1.75,0.74,1.84,85.16,114.6125,0.3440640293,2.534184357,-0.01963074043,-0.02772850515,0.14909929,-0.08316756368,0.009064549537,0.0003127343445
2022-01-24,413.8538208,251783900,343.6924133,198685800,142.8551941,10105000,29.9,1.75,0.76,1.89,84.48,115.2034,0.3451827358,2.467763031,0.004246725833,0.004577731477,0.1475950902,-0.07927402768,0.02289494071,0.02759704151
2022-01-25,408.8011169,167997300,335.7251892,124398400,141.5029449,6199200,31.16,1.78,0.76,1.91,86.61,115.1654,0.3461412875,1.355865983,-0.01220890953,-0.0231812627,0.135327419,-0.09051508778,0.04253457946,0.05914030152
2022-01-26,407.7754822,186391100,335.1997681,146559500,140.3637238,8083200,31.96,1.85,0.72,1.84,88.33,115.0922,0.3442181541,1.452302517,-0.00250888445,-0.001565033425,0.1348240023,-0.09279688034,0.05530958831,0.06941989066
2022-01-27,405.7619934,149878300,331.8242188,95255700,139.5764618,5311300,30.49,1.81,0.63,1.86,87.61,115.978,0.3439860412,0.8590132338,-0.004937738676,-0.01007026149,0.1329384997,-0.09727641227,0.03561813173,0.03649950484
2022-01-28,415.8392639,164457400,342.2332458,108167900,141.9660339,5525700,27.66,1.78,0.63,1.91,87.67,116.0393,0.341396415,0.9933982691,0.02483542242,0.0313691,0.1701216628,-0.07485689064,0.01527312672,0.01765210648
2022-01-31,423.3289795,152251400,353.1773071,94326400,144.1518555,5070600,24.83,1.79,0.61,1.93,89.16,115.566,0.3405196962,0.718794588,0.01801108319,0.03197836976,0.1867536764,-0.05819406113,-0.005890289572,-0.02181524895
2022-02-01,426.1893005,123155400,355.5800781,74433000,145.272522,5615600,21.96,1.81,0.63,1.92,88.22,115.3685,0.340863841,0.0989611836,0.006756733376,0.006803299497,0.1873630429,-0.05183052951,-0.004437690914,-0.01750911116
2022-02-02,430.3293762,117361000,358.4692993,78777100,146.2172852,4974300,22.09,1.78,0.62,1.91,88.16,115.1538,0.3397799296,-0.1067867577,0.009714170859,0.008125374196,0.1922988079,-0.04261984927,0.0004153596407,-0.004776048196
2022-02-03,420.2144775,118024400,343.9356384,95384800,144.3648529,5293900,24.35,1.82,0.63,1.92,90.17,114.9065,0.3435504025,-0.1085809017,-0.02350501555,-0.04054366975,0.1979025901,-0.06512308461,0.006090450927,0.01380282647
2022-02-04,422.1904297,118454400,348.2743835,86318300,144.235199,5358900,23.22,1.93,0.62,1.92,92.27,115.1362,0.3416354063,-0.1471201125,0.004702246719,0.01261499139,0.1994259541,-0.0607270627,-0.01836437976,-0.03058571685
2022-02-07,420.8354492,84472900,345.4726562,58198100,144.3278351,2881100,22.86,1.92,0.62,1.93,91.25,115.0098,0.3429555076,-1.1543336,-0.00320940593,-0.008044597672,0.199347825,-0.06374157083,-0.01842329072,-0.0215133712
2022-02-08,424.2980042,81012000,349.354187,64720900,145.6522217,3488800,21.44,1.96,0.61,1.91,89.32,115.0892,0.3432781212,-1.174235233,0.008227811935,0.01123542107,0.2026230853,-0.05603821256,-0.01073306042,-0.008325909677
2022-02-09,430.5081177,92589900,356.7572327,55766400,148.1159058,3969700,19.96,1.94,0.58,1.92,89.57,114.8232,0.3440490427,-0.8551705482,0.01463620725,0.02119065959,0.2073605132,-0.0422221922,-0.02391044376,-0.02914957724
2022-02-10,422.7737732,140103700,348.6829224,112468500,145.7819519,4940500,23.91,2.03,0.42,1.91,89.83,114.5527,0.3448226005,0.2982423682,-0.01796561822,-0.02263250626,0.2149928676,-0.05942926263,-0.02728569221,-0.03621345741
2022-02-11,414.4371643,153214600,337.6221619,101569100,143.855484,4224800,27.36,1.92,0.42,2,93.1,114.8413,0.3471104824,0.5208520467,-0.01971884118,-0.03172154352,0.2201822931,-0.07797622762,-0.01414411503,-0.01599139056
2022-02-14,413.0822754,123006300,338.0403748,80254400,142.707016,4231900,28.33,1.98,0.4,2,95.52,115.1946,0.3454687468,-0.2698464526,-0.003269226394,0.001238700944,0.2199102199,-0.08099053207,-0.02152516128,-0.0270798518
2022-02-15,419.743988,88482700,346.4454956,55128800,144.8834991,2927000,25.7,2.05,0.47,1.99,92.07,114.93,0.3451711121,-1.325278932,0.01612684214,0.02486425137,0.2221677801,-0.06616981145,-0.05413572363,-0.07500066506
2022-02-16,420.2144775,84863600,346.3579102,58947100,145.3651276,4015700,24.29,2.03,0.51,2.05,93.83,114.6886,0.3459307933,-1.361901011,0.001120896345,-0.0002528116264,0.2194996869,-0.06512308461,-0.04097631679,-0.04367495676
2022-02-17,411.2380981,102259100,336.0559082,61801400,142.7532806,3052100,28.11,1.97,0.48,2.12,91.78,114.6755,0.3471304854,-0.7260740541,-0.02136142345,-0.02974380446,0.2289226026,-0.08509338627,0.001578722788,0.0009262723531
2022-02-18,408.5753174,132642900,332.223114,80001500,142.2161255,3681700,27.75,1.92,0.45,2.13,91.26,114.7982,0.348078113,0.1718489783,-0.006475034229,-0.01140522781,0.219279663,-0.09101743791,0.00552710761,0.01548976249
2022-02-22,404.1906128,124391800,328.8862915,85967100,140.799057,4534400,28.81,1.94,0.38,2.13,92.11,114.7002,0.3483481619,0.08926440506,-0.01073169231,-0.01004392039,0.2215589509,-0.1007723591,0.0009545081218,0.0100866238
2022-02-23,397.0208435,132578000,320.461853,86215400,138.6225281,4773700,31.02,1.99,0.41,2.1,92.14,114.6668,0.3491568021,0.408815828,-0.01773858437,-0.02561504901,0.2260638763,-0.1167233845,0.03777693344,0.05403406605
2022-02-24,402.995636,213942900,331.2307434,130614100,139.9469757,8030900,30.32,1.96,0.42,2.24,92.77,115.9419,0.3472667275,2.239649884,0.015049065,0.03360428169,0.2333585887,-0.1034308973,0.01730092801,0.005198562822
2022-02-25,411.8873291,121804500,336.3671875,78842100,143.7072906,6433300,27.59,1.97,0.42,2.2,91.68,115.2577,0.3488995181,0.06670698856,0.02206399356,0.01550714779,0.245875286,-0.08364900235,-0.01274687102,-0.02449601164
2022-02-28,410.8335571,145615000,337.3691711,77515500,142.8644714,6172900,30.15,1.83,0.39,2.34,96.13,115.2224,0.3477429459,0.8297284196,-0.002558398616,0.00297883884,0.2291082367,-0.08599339347,-0.03939276169,-0.06326408901
2022-03-01,404.576416,137785900,332.2036438,67407000,140.41008,7314500,33.32,1.72,0.41,2.25,103.66,115.7962,0.3470545351,0.633802631,-0.01523035547,-0.01531120145,0.223797793,-0.09991403899,-0.03193187681,-0.05312030546
2022-03-02,412.0190735,117726500,337.77771,70609000,143.4016418,5611900,30.74,1.86,0.36,2.24,110.74,115.7623,0.3480461247,-0.01719028641,0.01839617233,0.01677906388,0.2335552775,-0.08335590254,-0.02393296932,-0.03522248222
2022-03-03,409.9678345,105501700,332.9526672,71089400,143.1052551,4578400,30.48,1.86,0.33,2.24,107.69,115.9495,0.3490645926,-0.4527837828,-0.004978504991,-0.01428466883,0.2299213149,-0.08791941975,-0.02347886596,-0.03211006441
2022-03-04,406.6370544,113978200,328.127533,76936300,142.2439117,4066500,31.98,1.74,0.24,2.31,115.77,116.6503,0.3498055826,-0.1226599884,-0.008124491117,-0.01449195262,0.2172593214,-0.09532961033,-0.02799841467,-0.03824496146
2022-03-07,394.6496887,137896600,316.0258179,89933800,138.3076019,4467100,36.45,1.78,0.23,2.32,119.26,117.3278,0.350456635,0.6338189763,-0.02947927542,-0.03688113271,0.2371759773,-0.1219986379,-0.005793743385,-0.02059343342
2022-03-08,391.6575317,164772700,314.5568848,116153900,137.3165741,5654700,35.13,1.86,0.23,2.35,123.64,117.6176,0.3506036855,1.245452657,-0.007581804998,-0.004648142723,0.2376706674,-0.128655473,0.02383200531,0.01484457768
2022-03-09,402.1582336,116990800,325.8803406,64723400,140.2248077,4120100,32.45,1.94,0.26,2.32,108.81,116.5961,0.3486806834,-0.2856344821,0.02681092805,0.03599811786,0.258088374,-0.1052939176,0.01920887217,0.01591083423
2022-03-10,400.3422546,93972700,322.2615356,69362700,139.9562378,2684000,30.23,1.98,0.26,2.38,105.93,116.7401,0.3495914712,-1.293644248,-0.0045155833,-0.01110470464,0.2499997927,-0.1093340374,0.03664116435,0.039756281
2022-03-11,395.2518616,95636300,315.5783081,66228400,138.4835815,2091100,30.75,2,0.25,2.35,109.31,117.0192,0.3503679426,-1.096457809,-0.01271510316,-0.02073852074,0.2466447798,-0.120658947,0.06149195471,0.08350796403
2022-03-14,392.3631897,95729200,309.5177612,79802600,137.9741821,2753400,31.77,2.14,0.27,2.33,103.22,117.1506,0.35164915,-0.9882412177,-0.00730843332,-0.0192045737,0.2394811486,-0.1270855525,0.06899424179,0.1016525084
2022-03-15,400.9915161,106219100,319.2263489,76471000,140.1970062,3326000,29.83,2.15,0.3,2.36,96.42,117.246,0.3496258664,-0.4882901857,0.02199066233,0.03136681917,0.2548708239,-0.1078895856,0.05823189132,0.08914020475
2022-03-16,409.8832397,144954800,331.0653687,105243000,142.8459015,4260500,26.67,2.19,0.24,2.23,94.85,116.8073,0.3485038851,0.8060231499,0.02217434353,0.03708659958,0.2612000621,-0.08810762283,0.02194250727,0.03509925473
2022-03-17,415.011261,102676900,335.0734558,67810000,144.6427155,3085000,25.67,2.2,0.26,2.17,102.97,116.0467,0.3485272065,-0.8654777047,0.01251093176,0.01210663373,0.2655539911,-0.07669899953,0.0245300255,0.04544920087
2022-03-18,419.5566711,106345500,341.9316101,85446300,145.568924,2489600,23.87,2.14,0.17,2.14,104.69,116.1378,0.3469589068,-0.7101535819,0.01095249836,0.02046761442,0.256486799,-0.06658654683,0.01837942926,0.02362604384
2022-03-21,419.4339905,88349800,340.9810181,73799100,145.1634064,2529300,23.53,2.32,0.18,2.07,112.14,115.9398,0.3460935682,-1.434707033,-0.0002924054663,-0.002780064823,0.2549913631,-0.06685948203,0.02592328747,0.04236183046
2022-03-22,424.3420105,74650400,347.682251,63345900,146.3817749,2010300,22.94,2.38,0.2,2.05,111.03,116.0824,0.3449617791,-1.880681288,0.01170153142,0.0196528034,0.2532225818,-0.05594030894,0.02660203401,0.03986411831
2022-03-23,418.8771057,79426100,342.6855164,70615500,144.2891541,1802700,23.57,2.32,0.19,2.03,114.89,116.005,0.3444665561,-1.437584656,-0.01287853818,-0.01437155508,0.2486018549,-0.06809841772,0.03357379352,0.0433731266
2022-03-24,425.1914978,64736900,350.3022766,53555300,145.9725494,953200,21.67,2.34,0.21,2.01,114.2,115.9599,0.3433101325,-2.130014264,0.01507456961,0.02222667691,0.2486185389,-0.05405040244,0.002552632571,0.008035749677
2022-03-25,427.2678833,77101300,350.0101013,57584200,146.9677124,988100,20.81,2.48,0.18,1.96,116.2,115.7921,0.3439708861,-1.255546831,0.004883412554,-0.0008340662122,0.2382253457,-0.0494309403,0.0005081169432,0.006957022289
2022-03-28,430.3070984,68529800,355.4255981,56833900,147.4048615,1943100,19.63,2.46,0.11,1.94,107.55,116.1911,0.342557355,-1.543727088,0.00711313723,0.01547240153,0.2382759412,-0.04266941213,0.00195194387,0.0120302207
2022-03-29,435.6303711,86581500,361.5422974,68073000,149.8508911,1903100,18.9,2.41,0.06,1.91,104.25,115.5679,0.3439863266,-0.5512112849,0.01237086891,0.01720950672,0.2311877869,-0.03082640093,-0.02279285585,-0.0271827898
2022-03-30,432.9403992,79666900,357.5488586,68757700,148.7069397,2053100,19.33,2.35,0.04,1.93,107.81,115.0818,0.3434813198,-0.8063408497,-0.006174895284,-0.01104556438,0.2270348233,-0.03681094641,-0.02655317264,-0.03767445668
2022-03-31,426.2768555,121699900,353.117218,67011400,146.6793976,2252000,20.56,2.32,0.04,1.93,100.53,115.2218,0.3440942094,0.8629991587,-0.01539136499,-0.01239450363,0.2345162188,-0.05163574069,-0.0063547734,-0.02328029387
2022-04-01,427.4849854,89048800,352.4451294,54527800,147.153717,2171600,19.63,2.39,-0.05,1.81,99.32,115.4814,0.3442313112,-0.3313177301,0.002834143743,-0.001903301761,0.2314122041,-0.04894794006,-0.01181225241,-0.0350974749
2022-04-04,431.1470337,59601000,359.7014465,45950200,147.4699249,1814300,18.57,2.42,-0.01,1.81,103.29,115.4112,0.3420409127,-1.717488781,0.008566495819,0.02058850168,0.198522011,-0.04047939131,-0.03695253608,-0.0769291855
2022-04-05,425.7011108,74214500,351.7145691,62738700,145.8981476,1669600,21.03,2.54,0.03,1.77,101.98,115.73,0.342724376,-0.8200216797,-0.01263124277,-0.02220418494,0.2033503419,-0.03946508957,-0.02824635715,-0.05995540297
2022-04-06,421.444458,106898000,344.0783997,90077100,145.1634064,2000700,22.1,2.61,0.11,1.77,96.39,115.9995,0.3444425561,0.8522698388,-0.009999158385,-0.02171126847,0.1907840327,-0.04906963027,-0.007189049704,-0.0195608581
2022-04-07,423.5679626,78097200,344.8965454,63777400,145.6098633,1312300,21.55,2.66,0.19,1.78,96.05,116.3512,0.3437697752,-0.5387685976,0.005038634625,0.002377788762,0.1891895131,-0.04427823958,-0.02446663148,-0.04425296662
2022-04-08,422.4354248,79272700,340.0751953,61956100,145.9167786,2334800,21.16,2.72,0.19,1.78,98.35,116.4176,0.3454179503,-0.427702351,-0.002673804305,-0.01397911972,0.1814008784,-0.04683365254,-0.02144915421,-0.02995840476
2022-04-11,415.2150574,89770500,332.0299072,66107400,144.5030365,1553500,24.37,2.79,0.29,1.82,94.22,116.5401,0.3480197405,0.1526660906,-0.01709223945,-0.02365737989,0.1920669932,-0.06312539998,0.01163852064,0.01575272915
2022-04-12,413.6766052,84363600,330.6273804,72790200,144.0194397,2301400,24.26,2.72,0.33,1.92,100.52,116.3866,0.3481449951,-0.08018666181,-0.00370519354,-0.004224097965,0.1794417898,-0.0665967017,0.01464771671,0.005184697283
2022-04-13,418.4146729,74070400,337.3479309,61367800,145.647049,1957000,21.82,2.7,0.33,1.94,104.26,116.2796,0.3480925943,-0.6430948817,0.0114535547,0.02032666057,0.1667392411,-0.04310724593,-0.01184272445,-0.03522447587
2022-04-14,413.2046814,97869500,329.6338501,73519400,144.6518555,1735500,22.7,2.83,0.36,1.93,106.84,116.7558,0.3500731284,0.9611677904,-0.01245174176,-0.02286683896,0.1675896758,-0.0550222274,-0.02683928549,-0.03850134084
2022-04-18,413.3745422,66002500,329.887085,58560600,144.3449402,1922500,22.17,2.85,0.39,1.94,108.24,116.8441,0.3491868159,-1.188582842,0.0004110815959,0.0007682307603,0.1624120553,-0.05108879071,-0.02159956656,-0.02689796424
2022-04-19,420.0475464,77821000,337.2602844,56515700,146.9026337,2264000,21.37,2.93,0.32,1.91,102.54,117.1324,0.3497285841,-0.1871328591,0.01614275546,0.02235067633,0.173076273,-0.03577074911,-0.06502784995,-0.08409845136
2022-04-20,419.7360229,65224400,332.3415833,65500000,147.8419647,2557200,20.32,2.85,0.25,1.91,102.56,116.7306,0.3522260579,-1.150695265,-0.0007416385125,-0.01458428816,0.1675909346,-0.03648585865,-0.06170310843,-0.07165664739
2022-04-21,413.4595032,85417300,325.4650269,75801000,145.7028198,2620800,22.68,2.9,0.22,1.93,103.89,117.1432,0.3523992524,0.3670796528,-0.01495349322,-0.02069123078,0.1697725112,-0.05089376084,-0.02339868327,-0.01837496266
2022-04-22,402.114563,132471800,316.9425049,82562100,141.7314758,3873000,28.21,2.9,0.18,1.96,102.86,118.0186,0.3524654138,2.322938174,-0.02743906017,-0.02618567671,0.1841834396,-0.07693634404,-0.03295467913,-0.03733843451
2022-04-25,404.4458313,119647700,321.0137939,101755900,142.1593018,3456600,27.02,2.81,0.18,2.03,99.6,118.6271,0.3514915738,1.589754154,0.005797522709,0.01284551299,0.1847118932,-0.07158486153,-0.03274133375,-0.03367893085
2022-04-26,392.7327576,103996300,308.8972168,105819600,138.7553406,2998400,33.52,2.77,0.23,2.06,102.62,118.9624,0.3533072755,0.8511441234,-0.02896079728,-0.0377447243,0.2028488271,-0.09847250415,0.0006730091622,0.005297203778
2022-04-27,393.8370056,122030000,308.5270996,111204200,139.0157166,3588900,31.6,2.82,0.24,2.05,101.96,119.4708,0.3529777918,1.427937557,0.002811703444,-0.001198188806,0.1950029358,-0.09593767619,0.02825516528,0.04053535692
2022-04-28,403.7850952,105449100,319.4846191,99450000,141.4338837,4006200,29.99,2.85,0.22,2.06,105.47,120.0675,0.3502701941,0.7191534762,0.02525940797,0.03551558208,0.2223997645,-0.07310159712,-0.0327245464,-0.04576051747
2022-04-29,388.8630066,145491100,305.1083679,91977900,137.1370087,4108000,33.4,2.89,0.19,2.05,104.59,119.4933,0.3526614935,1.948077887,-0.03695552114,-0.04499825769,0.2493751598,-0.1073556106,-0.001601913255,-0.01276972083
2022-05-02,391.2037354,158312500,310.2023926,115511800,137.5090485,5308800,32.34,2.99,0.26,2.08,105.18,119.8825,0.3515023913,1.936051148,0.00601941743,0.0166957881,0.2508634929,-0.1019824114,-0.03935068388,-0.06697484395
2022-05-03,392.9970703,100028200,310.5335083,78185500,138.6437073,2430400,29.25,2.97,0.19,2.05,102.53,119.7043,0.3527856001,0.1918439779,0.004584145801,0.001067418339,0.2485409266,-0.09786576789,-0.04152471616,-0.05664620785
2022-05-04,404.9649353,144247900,321.0333557,116083400,142.5034332,2935800,25.42,2.93,0.27,2.08,107.84,119.5592,0.3518907955,1.443515525,0.03045280969,0.03381228477,0.2754508559,-0.0703932458,-0.08462691969,-0.1145631577
2022-05-05,390.5714111,172929100,304.8648376,154607400,138.2158813,5450600,31.2,3.05,0.34,2.1,108.17,120.0068,0.3538812043,1.8415903,-0.03554264312,-0.05036398174,0.2987927567,-0.1034339269,-0.05188375843,-0.06980832771
2022-05-06,388.2400818,151770800,301.2122192,139572800,136.9509888,3421500,30.19,3.12,0.4,2.09,109.72,119.8577,0.3527481968,1.25216276,-0.005969022,-0.01198110755,0.2971084973,-0.1087855495,-0.02338692695,-0.02363770174
2022-05-09,375.8096008,155586100,289.4266357,113387300,132.8866577,4993600,34.75,3.05,0.44,2.17,103.08,120.4972,0.3536010188,1.200783508,-0.03201751066,-0.03912717594,0.3129731198,-0.1373200177,0.004822027704,0.004341448252
2022-05-10,376.6779785,132497200,292.9429626,124124600,132.5425262,5322100,32.99,2.99,0.37,2.16,99.74,120.7742,0.3518722458,0.610619219,0.002310685208,0.01214928576,0.3111332361,-0.1353266358,0.02312755165,0.01798772913
2022-05-11,370.6940002,142361000,284.2547607,140326100,130.8312531,3826000,32.56,2.91,0.25,2.17,105.5,120.3925,0.3529359875,0.7637905729,-0.01588619089,-0.02965833972,0.3136242664,-0.1490630019,-0.002266010071,-0.002398743459
2022-05-12,370.3070984,125090800,283.5827332,120910900,131.3892822,4555100,31.77,2.84,0.28,2.2,106.15,121.2796,0.354811676,0.2660880111,-0.001043723004,-0.002364173554,0.3078628777,-0.1499511445,-0.007340807895,-0.005392663864
2022-05-13,379.1603394,104174400,294.0922546,83684900,134.3933563,2373400,28.87,2.93,0.32,2.24,110.52,120.8442,0.3544499315,-0.3825526575,0.02390783489,0.03705980744,0.324231728,-0.1296283168,-0.03009587804,-0.04391606563
2022-05-16,377.6217651,78622400,290.6831665,59190400,133.9190216,2105600,27.47,2.88,0.3,2.29,114.07,120.6881,0.3546379843,-1.478753144,-0.004057845874,-0.01159190044,0.3237965448,-0.1331601509,-0.007923122117,-0.01661944759
2022-05-17,385.3896179,83029700,298.2123413,62715300,136.7556763,5057700,26.1,2.98,0.27,2.27,112.31,119.8871,0.354850442,-1.312370042,0.02057045833,0.02590165401,0.3278626019,-0.1153288579,-0.03533981653,-0.06182859246
2022-05-18,369.8540039,117674500,283.5729065,79477100,131.6124268,2108300,30.96,2.89,0.21,2.31,109.67,120.0274,0.3558496741,-0.1287336166,-0.04031144922,-0.04909064041,0.3517175038,-0.1509912337,0.01406111998,0.0004121773327
2022-05-19,367.5887451,98510700,282.0534668,79920700,131.3148346,2515000,29.35,2.84,0.21,2.37,112.21,119.4278,0.357233012,-0.9871356582,-0.006124737775,-0.005358197707,0.3501530269,-0.1561911898,0.04069754892,0.03366933093
2022-05-20,367.749176,131432200,281.1768799,91764200,131.3148346,4302400,29.43,2.78,0.18,2.36,112.63,119.3677,0.3570771688,0.3447283001,0.0004364412957,-0.003107874986,0.3409858066,-0.1558229168,0.06578036174,0.07073583801
2022-05-23,374.6298218,76414900,285.8521729,63648400,133.1656494,2905500,28.48,2.86,0.21,2.33,110.32,118.7169,0.3554592872,-1.850117626,0.01871015953,0.01662758677,0.3490113302,-0.1400282289,0.04033563405,0.05042926061
2022-05-24,371.7700195,91448800,279.774292,73491100,132.3379211,4026400,29.45,2.76,0.26,2.34,112.55,118.6245,0.3559671684,-1.052936191,-0.007633674843,-0.02126232171,0.3364329498,-0.1465929738,0.03985885918,0.06531143661
2022-05-25,375.0545654,91472900,283.6897888,67144500,133.8632355,1937100,28.37,2.75,0.27,2.29,112.88,118.9598,0.3569166938,-0.9675935666,0.008834886424,0.01399519877,0.3383736638,-0.1390532196,0.05038109689,0.07937943278
2022-05-26,382.5487061,82168300,291.5500183,59462200,136.6905823,3162500,27.5,2.75,0.29,2.25,116.19,118.7687,0.3573155003,-1.285657169,0.01998146754,0.02770712871,0.3331667781,-0.1218502395,0.01290366225,0.022951562
2022-05-27,391.9398499,84768700,301.0661621,66985600,139.8248596,3196700,25.72,2.74,0.27,2.26,114.96,118.2834,0.3567508118,-1.054741432,0.02454888397,0.03263983262,0.3200436006,-0.1002926429,-0.00835624774,-0.006082002681
2022-05-31,389.7407532,95937000,300.2674866,60968300,138.5134888,2746200,26.19,2.85,0.32,2.18,114.38,118.0704,0.3553990381,-0.5171195516,-0.005610801455,-0.002652823989,0.3200886411,-0.1053407222,0.006805013693,0.005157551479
2022-06-01,386.5883484,86585800,298.0467529,65341700,137.0440369,2113400,25.69,2.94,0.28,2.08,115.26,118.6954,0.3544960355,-0.8737288174,-0.008088465883,-0.007395851172,0.3208451283,-0.1125771433,0.003979324783,0.005359500065
2022-06-02,393.9502258,79609600,306.2089233,59291300,139.4528656,1872400,24.72,2.92,0.27,2.1,116.88,118.0658,0.3539860024,-1.082247209,0.01904319536,0.0273855371,0.3085052822,-0.09567777646,-0.03821360991,-0.0476492881
2022-06-03,387.4849854,71874300,298.2415466,60914700,137.8066406,1591900,24.79,2.96,0.3,2.09,118.97,118.2153,0.3556438206,-1.380235153,-0.01641131304,-0.02601941388,0.2869797994,-0.1105188916,-0.05051890556,-0.05669503014
2022-06-06,388.6647034,57508900,299.2350769,51785000,138.3088837,2004800,25.07,3.04,0.31,2.08,118.41,118.3081,0.3558565583,-1.999510338,0.003044551562,0.003331293995,0.2863763657,-0.1078108205,-0.08934162965,-0.1035417964
2022-06-07,392.3929443,59272400,301.8161316,44900300,139.6295929,1581100,24.02,2.98,0.23,2.07,119.55,118.4414,0.3558412426,-1.724243556,0.009592435162,0.00862550846,0.2612572645,-0.0992525536,-0.1007119185,-0.1095944139
2022-06-08,388.126709,64350000,299.6441345,38342100,137.6578217,1370300,23.96,3.03,0.25,2.07,121.94,118.3951,0.3546723749,-1.275825485,-0.0108723549,-0.00719642472,0.265401836,-0.1090457995,-0.07786565578,-0.08074417703
2022-06-09,378.8959656,86289800,291.6182861,55900500,134.5328369,1182100,26.09,3.04,0.21,2.07,121.52,118.9226,0.3550653719,0.002016920895,-0.02378280905,-0.02678460034,0.2736662636,-0.1302351931,-0.08666287092,-0.09355384843
2022-06-10,367.909668,132893900,281.3327332,85963500,130.8684235,2594700,27.75,3.15,0.09,2.04,120.73,119.9981,0.3557080307,1.880560443,-0.02899555183,-0.03527060362,0.2939871967,-0.1554545037,-0.05736175129,-0.04898916996
2022-06-13,353.9407654,170004900,268.2517395,94442000,125.6043015,3705400,34.02,3.43,0.03,1.98,120.92,121.1523,0.3548737917,2.398584344,-0.03796829441,-0.04649652213,0.3084872078,-0.1875204557,0.004507183221,0.02254964208
2022-06-14,352.8742981,104011800,268.7387695,64697500,124.9532547,3562600,32.69,3.49,0.04,1.99,118.92,121.6669,0.3541013199,0.5355466409,-0.003013123634,0.001815570815,0.3084734241,-0.189968557,0.005716603455,0.01920751594
2022-06-15,357.9049683,125666800,275.4496155,86051400,126.153038,2899900,29.62,3.33,0.13,2.1,115.32,121.6403,0.3524763533,1.116480146,0.01425626687,0.02497163308,0.3027811358,-0.1784205326,0.001300240539,0.009185421607
2022-06-16,346.0597534,134473300,264.3362732,81910300,121.6887589,2967400,32.95,3.28,0.14,2.13,117.56,120.6714,0.3516408876,1.298064163,-0.03309597769,-0.04034618914,0.2920448421,-0.2056115083,0.06849854573,0.08764616382
2022-06-17,346.8057251,111113900,267.5504761,82703400,121.9677811,3359100,31.13,3.25,0.08,2.13,109.56,121.2369,0.3516890646,0.6115127529,0.002155615244,0.01215952257,0.2924078327,-0.2038991124,0.06212776517,0.06670134939
2022-06-21,355.5360413,76811900,274.3007202,51633700,124.0744858,1833300,30.19,3.31,0.1,2.13,110.49,120.6427,0.3489786446,-0.5799606682,0.02517350646,0.02522979678,0.3087055821,-0.1838584616,0.01487742061,0.008751724189
2022-06-22,354.8915405,90059400,273.9005737,67472900,124.0090027,3062800,28.95,3.16,0.1,2.17,106.22,120.5197,0.3494278914,-0.04669378318,-0.001812757801,-0.001458787582,0.2993329208,-0.1853379285,0.01589247857,0.0111516501
2022-06-23,358.3703308,79292100,277.9797363,57457800,125.0376129,2607900,29.05,3.09,0.08,2.2,105.75,120.7622,0.3489061514,-0.4731401978,0.009802404075,0.0148928589,0.3017806157,-0.1773522817,-0.00214219797,-0.0160437553
2022-06-24,369.7643433,98050300,287.5043335,58422300,129.1051636,2259500,27.23,3.13,0.09,2.22,109.07,120.4853,0.349155255,0.2678769661,0.03179396136,0.0342636384,0.3226536666,-0.1511970519,-0.02266210581,-0.04236105052
2022-06-27,368.3519897,66009600,285.3964539,54151500,129.0397034,2063000,26.95,3.2,0.12,2.19,111.44,120.1736,0.3503162925,-1.06421591,-0.003819604408,-0.007331644755,0.3135345635,-0.1544391434,-0.01706174849,-0.01877239325
2022-06-28,360.8255005,86548900,276.7013245,61609800,127.0760574,1664200,28.36,3.2,0.1,2.22,113.66,120.62,0.3521814763,-0.1352457939,-0.02043287254,-0.03046684455,0.3040961515,-0.1717163806,0.006830447421,0.01855133408
2022-06-29,360.5316467,65676000,276.9550171,57302700,126.2999496,2203500,28.16,3.1,0.04,2.24,111.65,120.9616,0.3503158483,-0.9936740096,-0.0008143929943,0.0009168464497,0.3042257398,-0.1672487774,0.02274278412,0.03939423457
2022-06-30,357.6026306,112508300,273.5198975,79313600,125.5144577,1868600,28.71,2.98,0.06,2.31,107.76,120.9652,0.3509886308,0.7555581179,-0.008124158142,-0.01240316808,0.3042325757,-0.170578474,0.03027132027,0.05376828411
2022-07-01,361.3847046,74839700,275.3253479,56675100,127.0480042,2679100,26.7,2.88,0.04,2.42,110.3,121.5058,0.351558886,-0.5768780124,0.0105761917,0.006600801098,0.2972364576,-0.1618063529,0.00784311308,0.0244925077
2022-07-05,362.0672607,81438000,280.0388794,61829300,126.7487946,1646500,27.54,2.82,0,2.41,101.55,122.6203,0.3500697475,-0.3235535217,0.001888724519,0.0171198603,0.2942974559,-0.160223236,-0.002958559433,-0.002509068456
2022-07-06,363.2901001,70426200,281.8345032,63194700,126.7768326,1318500,26.73,2.93,-0.04,2.39,100.31,123.0073,0.3489685861,-0.8763849119,0.003377381741,0.006412051724,0.2943938142,-0.1466075825,-0.01153306917,-0.01090734501
2022-07-07,368.7311401,64525900,287.865448,56620100,128.6189423,1481400,26.08,3.01,-0.02,2.33,104.62,122.7257,0.3488149718,-1.219868631,0.01497712169,0.02139888749,0.2980957835,-0.1294640467,-0.02848397801,-0.02817145538
2022-07-08,368.4277344,72397800,288.226593,59895500,128.1420593,1120400,24.64,3.09,-0.03,2.31,106.78,122.4662,0.3478078531,-0.8527616488,-0.0008228373704,0.001254561887,0.2966784476,-0.1301803562,-0.009107949877,-0.01178301823
2022-07-11,364.2190857,58366900,282.0687561,55273900,126.9638672,1346600,26.17,2.99,-0.08,2.32,106.09,123.2974,0.3485920211,-1.468113169,-0.01142326782,-0.02136456893,0.287999309,-0.1378112149,-0.00593402566,0.001245181535
2022-07-12,360.9960632,62219200,279.3362427,55797100,126.3560562,1622200,27.29,2.96,-0.07,2.31,97.69,123.4524,0.3500205932,-1.137841325,-0.008849131162,-0.009687401985,0.2711690981,-0.1405828546,0.03003968427,0.04213217324
2022-07-13,359.1002502,84224600,278.760437,73939400,125.6547546,1679700,26.82,2.91,-0.22,2.32,98.44,123.2834,0.3499155307,0.03536180414,-0.005251616794,-0.002061335323,0.2340309204,-0.1450961842,0.04207700571,0.06084380599
2022-07-14,358.2282104,89704800,279.7558594,63741800,124.6635742,1818900,26.4,2.96,-0.19,2.31,97.79,124.0622,0.3480004382,0.3332580111,-0.002428402081,0.003570888229,0.233912839,-0.1471722344,0.055251038,0.07224349408
2022-07-15,365.072113,79060400,284.8304138,63818100,127.0293427,1669400,24.23,2.93,-0.2,2.3,99.59,123.4765,0.3479568505,-0.1118566577,0.01910486776,0.01813922488,0.2381908299,-0.1308790727,0.02586142256,0.0346730741
2022-07-18,362.0578003,63203600,282.4199829,59519600,126.4775925,1122600,25.3,2.96,-0.19,2.28,104.48,122.7727,0.3493298373,-1.126623617,-0.008256759792,-0.008462687941,0.2048859388,-0.1380551954,0.03565907024,0.03756054728
2022-07-19,371.840271,78506000,291.1052856,55172600,130.1056976,1441400,24.5,3.01,-0.22,2.26,106.12,122.4819,0.3498967373,0.1432202728,0.02701908561,0.03075314517,0.2228124769,-0.1147662349,-0.003517841001,-0.01317463223
2022-07-20,374.2101135,71843800,295.721283,67769400,130.9753113,2179800,23.88,3.04,-0.21,2.2,104.45,122.5997,0.3500047341,-0.3661433837,0.006373280987,0.01585679664,0.2081636005,-0.1084631934,0.01588257558,0.01247394918
2022-07-21,378.0206909,64903900,299.9664001,55049400,131.9945374,1331500,23.11,2.91,-0.19,2.23,98.44,122.9032,0.3491727848,-0.8790557411,0.01018298879,0.01435512908,0.2091102324,-0.08571289808,0.01825529415,0.00790534503
2022-07-22,374.5133972,72197300,294.7063599,57127700,131.2277679,1215400,23.03,2.77,-0.21,2.28,97.71,122.451,0.3503953902,-0.2127915088,-0.009278046904,-0.01753543157,0.212119497,-0.07519549332,0.04277506905,0.04460409708
2022-07-25,374.9684448,53631500,293.027832,40582400,131.5550079,1571600,23.36,2.81,-0.19,2.31,99.83,122.4594,0.3508428769,-1.784520804,0.001215036927,-0.005695594194,0.1812298013,-0.07407182169,0.03842559669,0.04995492576
2022-07-26,370.532196,52946400,287.2700806,50074100,130.5264587,903500,24.69,2.81,-0.21,2.29,97.74,122.7581,0.3522675226,-1.6660352,-0.01183099229,-0.01964916242,0.1860814509,-0.08502647083,0.04392526882,0.06780600909
2022-07-27,380.1535339,82342100,299.4100952,69304400,133.0605164,2192800,23.24,2.78,-0.18,2.3,100.03,122.8169,0.3500178335,0.7748777895,0.02596626688,0.04225993401,0.1901594858,-0.06126802398,0.03343809212,0.05241028756
2022-07-28,384.9215698,73966600,302.337738,55139900,135.1643982,2438200,22.33,2.68,-0.17,2.42,99.11,122.1161,0.3511478929,0.1479098961,0.01254239528,0.009778036443,0.1927962871,-0.04949407648,0.01994718194,0.04709355594
2022-07-29,390.5332336,87003700,307.8514709,57501000,136.3706207,1981900,21.33,2.67,-0.22,2.36,101.31,121.7678,0.3491908216,1.319175933,0.01457872008,0.01823699862,0.191718438,-0.03563691669,0.003592640865,0.01993908013
2022-08-01,389.3768311,69997500,307.6660156,46358800,136.1088409,2047000,22.84,2.6,-0.3,2.38,96.59,121.4109,0.3495555721,-0.08158225183,-0.002961086249,-0.0006024181781,0.1920338454,-0.03849247895,0.005404221301,0.01725499921
2022-08-02,386.8079224,63435400,306.7487183,48676500,135.1456909,1446900,23.93,2.75,-0.31,2.29,97.14,121.9486,0.349387081,-0.6528490253,-0.006597487284,-0.002981471195,0.1954892137,-0.04483601259,0.008062534823,0.008748607925
2022-08-03,392.8651428,67820600,315.1022644,53735700,136.5483093,1772500,21.95,2.73,-0.37,2.29,93.25,122.3888,0.3475704369,-0.1965834806,0.01565950465,0.02723253805,0.2002880059,-0.02987861769,0.01336717053,0.009414861847
2022-08-04,392.5996704,45656600,316.5758972,38973700,136.2584534,1662700,21.44,2.68,-0.35,2.32,91.29,121.8333,0.3470671619,-2.294406998,-0.0006757341978,0.004676681125,0.1965780448,-0.003428238725,0.01405240042,-0.0009865466616
2022-08-05,391.9362793,56814900,313.9897461,53894000,136.4080505,1454500,21.15,2.83,-0.41,2.29,91.77,122.321,0.348036295,-0.9728165362,-0.001689739354,-0.008169134624,0.1968380339,-0.005112185249,0.03296473214,0.02685333278
2022-08-08,391.4811096,53886100,312.9747925,43878500,136.7914429,1441500,21.29,2.77,-0.44,2.26,93.52,121.8783,0.34942029,-1.212725071,-0.001161335915,-0.003232441906,0.1899990339,-0.0062675842,0.03842726562,0.03850858237
2022-08-09,389.9265747,44931800,309.4323425,39764200,135.9966736,1237700,21.77,2.8,-0.48,2.26,93.18,121.8614,0.3487750833,-1.890527621,-0.003970906575,-0.01131864302,0.1864880422,-0.01021360278,0.04460929127,0.04793786742
2022-08-10,398.1166382,68665700,318.0689087,51459600,138.9047089,3283100,19.74,2.78,-0.45,2.29,94.68,120.7543,0.348904556,0.2133256313,0.02100411721,0.02791100016,0.1925387171,0,0.01585743912,0.007854654966
2022-08-11,398.1166382,59489700,316.2635803,45897700,139.5218506,3091600,20.2,2.87,-0.36,2.29,97.02,120.7163,0.350454709,-0.4293881747,0,-0.005675903302,0.1914458227,0,0.01880995465,0.01604552593
2022-08-12,404.8563538,61694500,322.4214172,40928400,141.7753601,2342600,19.53,2.84,-0.41,2.27,94.86,121.018,0.3501868225,-0.1741401859,0.01692899751,0.01947058497,0.1895201904,0,-0.01161338254,-0.02279116014
2022-08-15,406.5246582,54048300,325.0270081,38266600,142.0839539,2753200,19.95,2.79,-0.41,2.27,92.24,121.4315,0.3495088207,-0.8453042575,0.00412073178,0.008081320536,0.1827916688,0,-0.03616575332,-0.05614608161
2022-08-16,407.3209229,59289000,324.2658691,41186900,142.4953461,1361700,19.69,2.82,-0.43,2.27,89.23,121.6807,0.3498355672,-0.2780391806,0.001958711808,-0.00234177129,0.1651292821,0,-0.04037703494,-0.05471305751
2022-08-17,404.4297485,63563400,320.5672302,47842200,141.1582336,1394100,19.9,2.89,-0.39,2.24,90.85,122.0711,0.349030293,0.1508335867,-0.007098025547,-0.01140619247,0.1700797937,-0.007098025547,-0.0304229724,-0.04103653468
2022-08-18,405.6051941,49023200,321.3381958,41937200,141.6070709,1148500,19.56,2.88,-0.34,2.24,93.2,122.3627,0.3491253884,-1.20719049,0.002906427039,0.002405004328,0.1684938269,-0.004212228402,-0.01958449525,-0.02642139642
2022-08-19,400.1546021,68016900,315.0730591,51770600,139.7369385,997400,20.6,2.98,-0.27,2.25,93.55,123.0501,0.3492073758,0.619429369,-0.01343817121,-0.01949701841,0.1732837306,-0.01759379496,-0.03986816619,-0.04776075195
2022-08-22,391.8223877,77695600,306.7780151,51098900,136.8195038,2248300,23.8,3.03,-0.29,2.24,93.42,123.605,0.3491875607,1.221891281,-0.02082248789,-0.02632736664,0.1934111877,-0.03804993627,-0.02593425341,-0.03165152317
2022-08-23,390.8745117,49105200,306.524292,39497100,136.4641571,1557400,24.11,3.05,-0.24,2.24,96.46,123.0547,0.3491252384,-1.216019128,-0.002419147058,-0.0008270577812,0.1870917067,-0.04037703494,-0.03429129956,-0.0416428884
2022-08-24,392.1257935,49177800,307.412262,38057100,137.1467743,878800,22.82,3.11,-0.25,2.23,95.52,123.109,0.3497519841,-1.10818444,0.00320123646,0.002896899182,0.16585678,-0.03730505491,-0.04469764525,-0.04996652036
2022-08-25,397.6616211,50942300,312.8479919,38098300,139.260025,1779700,21.78,3.03,-0.32,2.21,93.33,123.0586,0.3501972975,-0.8270091161,0.01411747895,0.01768221588,0.1673223755,-0.02371422929,-0.05504031441,-0.06606773726
2022-08-26,384.2011719,103087000,300.0249329,69047700,134.7716827,1560500,25.56,3.04,-0.33,2.19,93.63,123.0656,0.3507841532,2.722520579,-0.03384900253,-0.04098814572,0.2024345033,-0.05676052881,-0.03224694158,-0.03991021661
2022-08-29,381.6607666,65370800,297.0680237,48321900,133.9862366,2167300,26.21,3.12,-0.3,2.19,97.4,123.4686,0.3510610686,0.4822963525,-0.006612174713,-0.009855544843,0.2033786419,-0.06299739299,-0.02948115584,-0.03731835541
2022-08-30,377.4709167,85652400,293.7597351,51184500,132.5743103,2164600,26.21,3.11,-0.35,2.17,92.08,123.6848,0.3512172844,1.634018109,-0.01097794225,-0.01113646812,0.2055824397,-0.07328375349,-0.001079718298,-0.006809947185
2022-08-31,374.5986938,76029700,292.0519409,50044000,131.6204834,2165500,25.87,3.15,-0.3,2.18,90.09,123.535,0.3513639678,1.030115899,-0.007609123705,-0.005813574787,0.1967649157,-0.08033525205,0.0131586944,0.004176716345
2022-09-01,375.7742004,78740100,292.178833,57990700,131.7327118,1838600,25.56,3.26,-0.25,2.22,87.09,124.4006,0.350563481,1.081588147,0.00313804242,0.0004344846655,0.1976472937,-0.07744930506,0.02567981192,0.02568466896
2022-09-02,371.8118591,99632100,288.0508728,64666800,130.7789307,1296200,25.47,3.2,-0.2,2.24,87.29,123.7743,0.3517341565,1.845988452,-0.01054447406,-0.01412819732,0.1998819924,-0.08717711693,0.04775134565,0.05274932298
2022-09-06,370.4089661,76637400,285.9819336,57005400,130.4142456,1868500,26.91,3.33,-0.17,2.27,87.35,124.767,0.3520817733,0.6760590698,-0.003773126198,-0.007182547961,0.1998552295,-0.09062131287,0.005988188236,0.002217999764
2022-09-07,377.0633545,70964200,291.7592468,49260400,133.2756042,2094900,24.64,3.27,-0.18,2.24,82.5,124.8408,0.3534567936,0.2767880887,0.01796497665,0.02020167204,0.212739059,-0.07428434598,-0.007994262041,-0.009834036706
2022-09-08,379.5279236,80821700,293.271759,55649800,134.4257202,2110200,23.61,3.29,-0.19,2.25,84.04,124.578,0.3541919102,0.8102836483,0.00653622014,0.00518411061,0.198050783,-0.06823366468,-0.0256254819,-0.03134549693
2022-09-09,385.4240112,76706900,299.6833496,56125200,136.2771454,1548200,22.79,3.33,-0.23,2.2,87.27,123.7874,0.353577207,0.5236834242,0.01553531975,0.02186228431,0.2078905316,-0.05375837673,-0.04785109933,-0.05786584636
2022-09-12,389.5663757,69256300,303.2453613,45905700,137.5488281,1844600,23.87,3.37,-0.21,2.2,88.18,123.3332,0.3530818795,0.04686245154,0.01074755174,0.011885918,0.2016731797,-0.04358859593,-0.05067028919,-0.06168177423
2022-09-13,372.6270447,122947100,286.6162415,79562200,132.10672,2008000,27.27,3.42,-0.33,2.18,87.84,124.4242,0.3545279975,2.149527617,-0.04348252855,-0.05483717805,0.2483753683,-0.08517578211,-0.01890674903,-0.0151549627
2022-09-14,374.0490112,85023700,288.8900757,54907200,132.0973969,1575900,26.16,3.41,-0.37,2.15,88.88,124.4509,0.3531553162,0.6219724754,0.00381605837,0.007933375363,0.2490752952,-0.0816847595,-0.03968527609,-0.04040268953
2022-09-15,369.8023376,87633800,284.07901,65299400,131.0501099,1678700,26.27,3.45,-0.42,2.12,85.72,124.8843,0.3543788033,0.6750442167,-0.0113532544,-0.01665362046,0.2502025441,-0.09211062604,-0.03681627915,-0.03616175877
2022-09-16,366.9810486,103084800,282.3419189,79920400,129.7410278,2430900,26.3,3.45,-0.4,2.18,85.57,124.8794,0.3535360432,1.213305546,-0.007629181255,-0.006114816665,0.2489439398,-0.09903707864,-0.04567378517,-0.04602141426
2022-09-19,369.8269348,73278500,284.5406494,52613800,130.7085419,1283100,25.76,3.49,-0.46,2.15,86.15,125.0104,0.3534316448,-0.2022706301,0.007754858845,0.00778747441,0.2506332416,-0.09205023836,-0.06238566541,-0.05730993751
2022-09-20,365.5818787,77274900,282.272583,51271100,128.6044006,1497600,27.16,3.57,-0.39,2.13,84.69,125.1248,0.3517800201,0.01777463113,-0.01147849373,-0.007970975012,0.2443381634,-0.102472134,-0.05391953695,-0.04935419268
2022-09-21,359.2047729,106746600,277.2181396,82931000,126.4721069,2226800,27.99,3.51,-0.51,2.12,83.38,125.7399,0.3520891604,1.26221325,-0.01744371394,-0.01790624972,0.249351366,-0.1181283534,-0.01817734317,-0.01276623524
2022-09-22,356.1875916,89472600,273.8062134,62757100,124.6592026,3304900,27.35,3.7,-0.41,2.08,84.02,126.1667,0.349981879,0.4130380544,-0.00839961388,-0.01230773092,0.2482456814,-0.1255357347,-0.03054357367,-0.02927848854
2022-09-23,350.219635,122346900,269.3481445,74815200,122.5644608,4099600,29.92,3.69,-0.51,2.09,79.07,127.2853,0.3499645608,1.917753764,-0.0167550939,-0.0162818396,0.2413371536,-0.1401874656,-0.02927022375,-0.02994436891
2022-09-26,346.7550354,92581200,268.2336426,71176700,120.7891235,2987200,32.26,3.88,-0.39,2.01,77.17,128.4539,0.3483413684,0.4345758627,-0.009892648107,-0.004137774756,0.2189013658,-0.1486932884,0.006313416565,-0.003061387022
2022-09-27,345.869873,108294100,268.3412476,69780100,120.4040146,2756000,32.6,3.97,-0.33,2.08,78.91,128.4386,0.3481194055,1.199405677,-0.002552702234,0.0004011613884,0.218984729,-0.1508664209,0.0401508312,0.02787078731
2022-09-28,352.6753845,110802200,273.6791077,79652100,123.2032166,4854500,30.18,3.72,-0.35,2.25,82.61,128.0884,0.3493388594,1.205836373,0.01967650844,0.01989205967,0.2340664401,-0.1341584369,0.0177041132,0.007287422486
2022-09-29,345.3083496,112952300,265.7895813,81216000,120.8736877,3154600,31.84,3.76,-0.4,2.27,81.78,127.5437,0.350045656,1.180032746,-0.02088899661,-0.02882765307,0.2419331138,-0.1522449984,0.02869422568,0.02902131067
2022-09-30,339.9686279,153711200,261.2826843,78482400,119.558609,2548300,31.62,3.83,-0.39,2.24,79.91,127.5148,0.351675417,2.282072777,-0.01546363326,-0.01695663521,0.2437076797,-0.1653543708,0.01570651302,0.006884721991
2022-10-03,348.9442444,89756500,267.4124756,61267400,122.8932724,4943300,30.1,3.67,-0.45,2.29,84.05,127.0813,0.3521859849,-0.1818248507,0.026401308,0.02346038076,0.2665374349,-0.1433186345,-0.01797562664,-0.0260299145
2022-10-04,359.7568359,103602800,275.8201294,66696900,127.1296692,4074600,29.07,3.62,-0.48,2.27,86.87,126.1819,0.3533766603,0.4204293434,0.03098658805,0.03144076876,0.2925482848,-0.1167730019,-0.05352278557,-0.06869173676
2022-10-05,358.9191895,88065700,275.6735229,55766300,126.6317978,2399300,28.55,3.76,-0.39,2.22,88.22,126.8616,0.3528142309,-0.4172126988,-0.0023283685,-0.0005315291731,0.2835579038,-0.1188294799,-0.05444320344,-0.06851572022
2022-10-06,355.2167053,82333500,273.5031433,53489400,125.2228165,1698900,30.52,3.83,-0.4,2.16,88.9,127.2493,0.3525251335,-0.7584088467,-0.01031564831,-0.007873007228,0.2828932192,-0.127919325,-0.01937311148,-0.0391050095
2022-10-07,345.3083496,107789500,263.081543,71354700,122.2545013,3197700,31.36,3.89,-0.41,2.17,93.07,127.3111,0.3540444402,0.511872502,-0.02789383372,-0.03810413371,0.2868166042,-0.1522449984,-0.01422316303,-0.03106654528
2022-10-10,342.6717529,76042800,260.4517517,60393000,121.4279099,3571800,32.45,3.89,-0.41,2.17,91.6,127.3111,0.3543563448,-1.350746736,-0.007635484872,-0.009996107025,0.2805073224,-0.1587180189,0.01888808183,0.01103511484
2022-10-11,340.5016479,92482800,256.8735657,66522500,120.8830719,2521900,33.63,3.93,-0.37,2.23,89.75,127.6641,0.3550146457,-0.2418414634,-0.006332897188,-0.01373838345,0.2436739825,-0.1640457712,0.03742942676,0.03322540792
2022-10-12,339.378479,76991800,256.785553,50580200,120.2537384,2419900,33.57,3.91,-0.37,2.27,87.83,128.1481,0.3543351917,-1.198164837,-0.003298571247,-0.0003426304107,0.2417990601,-0.1668032258,0.03348666826,0.02981062468
2022-10-13,348.3350525,147254500,262.8078003,112894100,123.1468811,4820200,31.94,3.97,-0.5,2.28,89.59,127.7286,0.3535299713,1.937745288,0.02639110621,0.02345243821,0.2641931868,-0.1448142412,-0.001530018241,0.00107876669
2022-10-14,340.3969727,123737000,254.9085083,77244300,120.4227982,2663400,32.02,4,-0.48,2.28,86.1,128.3325,0.3537716485,1.022198784,-0.02278863346,-0.03005729656,0.2731546779,-0.164302756,0.04658445734,0.05630131637
2022-10-17,349.144165,93168200,263.3258667,64576500,123.0435486,2500700,31.37,4.02,-0.43,2.28,86,127.6448,0.3524147355,-0.3898220349,0.02569703342,0.03302109629,0.289965616,-0.142827816,0.03284957742,0.03378542351
2022-10-18,353.2464294,97162900,265.4082947,69781000,124.8658447,4707000,30.5,4.01,-0.42,2.28,83.29,127.9153,0.3534808403,-0.2498485455,0.01174948579,0.00790817858,0.2923680663,-0.1327564836,0.0371568336,0.04689096654
2022-10-19,350.7431335,79746900,264.4404907,53115400,123.391098,2030400,30.76,4.14,-0.41,2.25,86,128.3968,0.351799041,-1.16198647,-0.007086542679,-0.003646472151,0.2871677318,-0.1389022418,0.03668932915,0.02750535303
2022-10-20,347.8020935,88283100,263.0913086,60605500,122.0196686,2821500,29.98,4.24,-0.38,2.24,86.02,128.0052,0.3508307479,-0.6451344916,-0.008385167827,-0.005102025508,0.2871628237,-0.146122691,0.03987302026,0.01397185191
2022-10-21,356.2541809,131038400,269.2601929,77897700,124.8095169,2535100,29.69,4.21,-0.28,2.36,85.47,127.6735,0.3503383921,1.295136288,0.02430142762,0.02344769316,0.2942481858,-0.1253722534,0.03935432159,0.02105888191
2022-10-24,360.6134033,85436900,272.2224426,63963600,126.199707,2637600,29.85,4.25,-0.25,2.34,86.12,128.0304,0.3499584482,-0.7806893801,0.01223627018,0.01100143963,0.2938505027,-0.114670072,0.01937345662,-0.001795702668
2022-10-25,366.3719482,78846300,277.8535461,59014500,128.6232147,3735900,28.46,4.1,-0.32,2.37,86.93,127.3771,0.35107277,-1.063113824,0.015968749,0.02068566964,0.2972760454,-0.1005324606,-0.001039209761,-0.03201850032
2022-10-26,363.6116638,104087300,271.7140198,63492400,128.8768005,2762100,27.28,4.04,-0.35,2.33,89.39,126.4723,0.3544352763,0.265649353,-0.007534104172,-0.02209626781,0.2927473352,-0.1073091427,-0.01871626,-0.04407591375
2022-10-27,361.6700134,81971800,266.7671814,57760300,128.9989471,2734800,27.39,3.96,-0.34,2.34,89.06,126.7028,0.3566758159,-0.7895081235,-0.005339901284,-0.0182060476,0.2818418568,-0.1120760238,-0.02360680177,-0.04536942309
2022-10-28,370.2743225,100302000,274.9305115,62651300,131.6760406,3407200,25.75,4.02,-0.39,2.3,87.85,127.2135,0.3556175318,0.3089527185,0.02379049621,0.03060095337,0.283160702,-0.09095187176,-0.0325687915,-0.05881524351
2022-10-31,367.5997314,96631300,271.7336121,47742000,131.0936432,3715700,25.88,4.1,-0.41,2.28,86.54,127.6219,0.3566206174,0.08388509334,-0.007223269079,-0.01162802701,0.2735469768,-0.097518171,-0.01620861486,-0.03727277352
2022-11-01,365.9912109,85407600,268.9570923,45895900,131.4130096,3684400,25.81,4.07,-0.47,2.22,88.36,127.3987,0.3590605613,-0.5421469449,-0.004375739072,-0.01021780027,0.2531707119,-0.101467196,-0.006553598826,-0.0202463672
2022-11-02,356.8062134,126990400,259.7379761,79803100,128.2098846,4326800,25.86,4.1,-0.51,2.18,90.06,127.3115,0.359326379,1.451595404,-0.0250962244,-0.03427727498,0.2694900917,-0.1240169769,-0.001974114223,-0.008882759373
2022-11-03,353.1321411,87100100,254.6641083,70038900,127.5617371,4013800,25.3,4.14,-0.57,2.19,88.14,128.1743,0.3612294725,-0.5245766968,-0.01029710842,-0.01953456277,0.2694808317,-0.133037069,0.06382597006,0.08545437126
2022-11-04,358.2149353,103505200,258.7604065,78313200,129.5437469,5355300,24.55,4.17,-0.49,2.22,92.58,127.1468,0.3616369229,0.3927119905,0.01439346238,0.01608510224,0.2530593302,-0.1205584707,0.05888113524,0.08795502238
2022-11-07,361.641449,68286900,261.6053467,47333800,130.5769958,3693600,24.35,4.22,-0.5,2.22,91.8,126.3062,0.3610675608,-1.696590256,0.00956552431,0.01099449573,0.251774345,-0.1121461514,0.03992610462,0.06670625938
2022-11-08,363.5926514,84641100,263.5116882,63213800,131.3566742,6172400,25.54,4.14,-0.53,2.23,88.8,125.633,0.3612742824,-0.5849789559,0.005395405859,0.007287089415,0.2495534993,-0.1073558195,0.04316738239,0.07364404602
2022-11-09,356.1018372,78495500,257.4307861,64862100,128.9989471,2566800,26.09,4.12,-0.49,2.33,85.79,125.9861,0.3622529672,-0.9721086409,-0.02060221564,-0.02307640371,0.2629176888,-0.1257462674,0.05698573411,0.0840042288
2022-11-10,375.6711426,141455800,276.4262695,99256700,135.9124146,6723100,23.53,3.82,-0.52,2.36,86.52,124.7044,0.3617856129,2.047099829,0.05495423887,0.07378870136,0.3122152233,-0.07770231898,-0.001140211951,0.007285544963
2022-11-11,379.3070374,93839900,281.5196838,66961800,137.2181244,7571900,22.52,3.82,-0.52,2.36,89.14,124.7044,0.3617600278,0.006289057133,0.009678397841,0.01842594163,0.2961723456,-0.06877595509,-0.006223121114,-0.0109038241
2022-11-14,376.0803833,71903500,279.0560608,55290700,135.7245789,3673600,23.73,3.88,-0.52,2.27,85.85,123.4277,0.3608924711,-1.303678976,-0.008506707588,-0.008751157338,0.2901985646,-0.07279199384,-0.001341025798,-0.01243696898
2022-11-15,379.2879944,93194500,282.9177551,73985400,137.0020599,3981800,24.54,3.8,-0.57,2.23,86.87,123.039,0.3612085327,0.04814126775,0.008529057155,0.01383841772,0.289263835,-0.06488378376,0.003538397084,-0.01188697792
2022-11-16,376.3945618,68508500,279.0560608,48859800,135.5460968,4210900,24.11,3.67,-0.68,2.24,85.62,123.2817,0.3601170436,-1.44024554,-0.007628590042,-0.01364952982,0.2895386433,-0.05937715113,0.01762545326,0.01184150364
2022-11-17,375.2427979,74496300,278.4401855,55462100,134.7570648,5512600,23.93,3.77,-0.66,2.18,81.69,123.977,0.3591196569,-0.9588035235,-0.003059990853,-0.002206994689,0.2872003746,-0.05637663293,0.02052064923,0.007408541584
2022-11-18,376.9465637,92922500,278.4500427,53588600,135.762146,3439700,23.12,3.82,-0.69,2.13,80.07,123.8524,0.3601628429,0.2102747303,0.004540435896,3.540141921e-05,0.2770203692,-0.05209217152,-0.0003028712044,-0.007408608115
2022-11-21,375.5760498,51243200,275.5854492,40083500,135.7057953,1938100,22.36,3.83,-0.65,2.08,79.74,124.7009,0.3613270744,-2.346860757,-0.003635830773,-0.01028763895,0.2757043905,-0.05553860397,0.001621776314,-0.004682635866
2022-11-22,380.6300659,60429000,279.554718,41873400,137.5093384,3184200,21.29,3.76,-0.71,2.07,80.83,124.2365,0.3612676735,-1.469508356,0.01345670502,0.014403042,0.2741775427,-0.04282926557,0.01945490258,0.02591357694
2022-11-23,383.0286865,68261600,282.3605042,46390000,138.0822906,2213200,20.35,3.71,-0.75,2.02,77.93,123.7574,0.3605011726,-0.8694488788,0.006301710822,0.01003662593,0.2721539513,-0.01678196481,0.01232538958,0.01696567233
2022-11-25,382.9430237,30545400,280.5030212,15498800,138.5519867,825500,20.5,3.68,-0.74,2.06,76.45,123.3386,0.3618083582,-2.917465126,-0.0002236460213,-0.006578409101,0.2707411201,-0.01700185761,0.01138363458,0.01962188421
2022-11-28,376.8323975,67881600,276.3871155,38714200,136.0815277,1915600,22.21,3.69,-0.77,2.05,77.1,123.6032,0.361119502,-0.4439486696,-0.01595701147,-0.01467330278,0.2669909532,-0.03268757024,0.009295075398,0.0174387823
2022-11-29,376.1851501,52310000,274.2949829,35618900,136.5136414,2202100,21.89,3.75,-0.73,2.06,77.96,123.6615,0.3628895008,-1.117446683,-0.00171759997,-0.00756957344,0.2654498327,-0.03434902604,-0.003542190676,0.003956343155
2022-11-30,388.0351868,144566700,286.7989807,74718100,139.7919006,4546500,20.58,3.68,-0.7,2.15,80.48,123.5175,0.360255733,1.685373035,0.03150054333,0.04558595156,0.2851199048,-0.0039304957,-0.03561613217,-0.04373478172
2022-12-01,387.7496643,76398200,287.1509399,51547300,139.989151,3723600,19.84,3.53,-0.72,2.09,81.06,122.0045,0.3610297155,0.007070470143,-0.0007358159019,0.001227198324,0.2656381548,-0.004663419481,-0.02734550517,-0.03360365984
2022-12-02,387.3023071,85342700,286.007019,53583200,139.9046326,2260600,19.06,3.51,-0.77,2.03,79.86,122.0102,0.3612285029,0.3299371969,-0.001153726796,-0.003983691987,0.260916109,-0.005811765965,-0.03349640796,-0.03592513688
2022-12-05,380.335083,77289800,281.2069702,41482100,137.1993256,2811400,20.75,3.6,-0.81,1.99,76.83,122.6384,0.3607327635,0.08766070277,-0.01798911081,-0.01678297562,0.2702043264,-0.02369632828,-0.001601804407,-0.007162011549
2022-12-06,374.8526306,77972200,275.380188,53937600,135.6964111,2693600,22.17,3.51,-0.83,1.97,74.21,123.0191,0.3619993567,0.09421650575,-0.01441479537,-0.02072061806,0.2759817691,-0.03776954592,0.02066852281,0.02474439967
2022-12-07,374.2148743,65927900,274.2558899,45614300,135.4709778,2269900,22.68,3.42,-0.84,1.95,71.93,122.7608,0.3620138779,-0.3652144567,-0.0017013522,-0.004082712355,0.2759517977,-0.03940663882,0.01587128259,0.02131689118
2022-12-08,377.1464539,60737900,277.5016174,42594900,136.3445435,2570600,22.29,3.48,-0.83,1.91,71.3,122.4152,0.3615161751,-0.5651167522,0.007833947262,0.01183466849,0.2638265475,-0.03188140109,-0.01668169701,-0.02451982383
2022-12-09,374.329071,81447700,275.7321777,47860500,135.2924957,1650200,22.83,3.57,-0.76,1.9,71.05,122.4201,0.3614266329,0.4197799546,-0.007470261973,-0.006376322105,0.1807750393,-0.03532183727,-0.02097747312,-0.02762022102
2022-12-12,379.7258606,75405800,279.1929626,35732500,137.283844,1914200,25,3.61,-0.78,1.88,72.96,122.7714,0.3615340914,0.2077677611,0.01441723331,0.01255125514,0.1849161227,-0.02141384713,-0.04307547696,-0.05316969436
2022-12-13,382.6002808,123782500,282.1943054,80667700,138.2419891,4117400,22.55,3.51,-0.71,1.91,75.44,121.8493,0.3613222365,1.635686451,0.007569724542,0.01075006599,0.1837714139,-0.01400621952,-0.04896512304,-0.06396914094
2022-12-14,380.1541443,108111300,280.1021729,64984400,137.4247589,2919500,21.14,3.49,-0.74,1.95,77.14,121.8226,0.3614974635,1.168383395,-0.006393451855,-0.007413801513,0.183212918,-0.02031012328,-0.02853376497,-0.04329823494
2022-12-15,370.855011,117705900,270.6973267,60554100,134.4095306,3411200,22.83,3.44,-0.79,1.97,75.89,122.5519,0.3624314804,1.281890492,-0.0244614808,-0.03357648424,0.2015500573,-0.04427478839,-0.01838098639,-0.03427821889
2022-12-16,366.476593,119858000,268.116394,68300400,132.7844543,2988000,22.62,3.48,-0.69,1.98,74.19,122.6505,0.3623272451,1.212978314,-0.01180627965,-0.009534385319,0.2052852195,-0.0555583475,-0.0009391520568,-0.02278923853
2022-12-19,363.368988,79878100,264.3483582,44167900,131.6979218,4400500,22.42,3.57,-0.68,1.98,75.05,122.5275,0.3624357776,0.1164644641,-0.008479682031,-0.01405373178,0.2057407481,-0.06356691241,0.003631431421,-0.02287314479
2022-12-20,363.8662109,74427200,264.1425781,51064200,131.8299561,2076800,21.48,3.69,-0.56,1.99,75.92,122.1357,0.3623033744,-0.1361262801,0.001368369114,-0.000778442623,0.2059001055,-0.0622855263,-0.01019594792,-0.03502272101
2022-12-21,369.3069153,78167400,267.9742432,46394700,133.8672333,3052200,20.07,3.68,-0.53,2.01,78.17,122.2828,0.3624823358,-0.03269179906,0.01495248578,0.01450604846,0.2074044375,-0.04826436396,-0.007223763039,-0.02563529355
2022-12-22,364.0383301,100120900,261.4183044,60278400,132.4147186,3763300,21.97,3.67,-0.57,1.99,77.68,122.2419,0.363738397,0.6298631466,-0.01426614284,-0.02446480917,0.2100704841,-0.06184196049,0.004491479786,-0.001799290347
2022-12-23,366.1324158,59857300,262.0062256,39373600,133.2636108,2284500,20.87,3.75,-0.56,2,79.57,121.9743,0.3639765426,-1.226178149,0.005752376935,0.00224896701,0.2119753075,-0.05644532182,-0.005458337025,-0.01077175025
2022-12-27,364.6885376,51638200,258.3018799,38009000,133.3484955,2010700,21.65,3.84,-0.48,2.02,79.45,121.7539,0.3656503612,-1.61897114,-0.003943595573,-0.0141383881,0.205802112,-0.06016631988,0.006187807079,0.008194908434
2022-12-28,360.15625,70911500,254.8915863,47139000,131.4338074,2306100,22.14,3.88,-0.43,2.01,78.89,122.0075,0.3649355172,-0.604699534,-0.01242783123,-0.01320274394,0.2093931469,-0.07184641424,0.007221308975,0.005689998099
2022-12-29,366.6391296,66970900,261.1046448,45893600,133.7729034,2587400,21.44,3.83,-0.51,2.01,78.43,121.6577,0.3648625927,-0.7560640346,0.01800018642,0.02437529838,0.1846938504,-0.05513947667,0.01210093432,0.00885753734
2022-12-30,365.6734009,84022200,260.947937,37858300,133.2258911,2805100,21.67,3.88,-0.53,1.99,80.16,121.4256,0.3643302761,0.1682888205,-0.002634003525,-0.0006001722559,0.184539753,-0.05762824262,0.01419884153,0.01599802684
2023-01-03,364.1339417,74850700,259.18396,42335300,133.1032562,3859700,22.9,3.79,-0.61,2.03,76.87,122.0905,0.3655337803,-0.2854727927,-0.004209929475,-0.006759881189,0.1844833051,-0.06159556126,0.02562885619,0.03157116381
2023-01-04,366.9451599,85934100,260.4186401,47754900,135.1782837,2506200,22.01,3.69,-0.67,2.07,72.82,121.5008,0.3683882456,0.2666568266,0.007720286247,0.004763721397,0.1793055923,-0.05435081038,0.03064406121,0.04444185071
2023-01-05,362.7570496,76970500,256.3419189,45396700,133.7729034,2243500,22.46,3.71,-0.74,2.03,73.61,122.1017,0.3687672055,-0.1883039612,-0.01141345032,-0.01565449074,0.1767882315,-0.06514393042,0.04633879044,0.06678649475
2023-01-06,371.0758057,104189600,263.4173889,54659700,136.9797974,2841600,21.13,3.55,-0.69,2.07,73.77,121.0852,0.3691423566,0.9673580929,0.02293203154,0.02760168918,0.1970286147,-0.04370578154,0.02685022927,0.04527541107
2023-01-09,370.8655396,73978100,265.1225891,45568700,137.036377,2701400,21.97,3.53,-0.66,2.02,74.69,120.1508,0.3695042066,-0.5047317981,-0.0005666392421,0.006473377488,0.1946438381,-0.04424765537,0.02555033433,0.04065951028
2023-01-10,373.4662781,65358100,267.3666992,35247800,138.0644531,2115300,20.58,3.61,-0.63,2.02,75.11,120.2483,0.3696838543,-0.9631569301,0.007012618451,0.008464424382,0.1948185437,-0.03754532885,0.002330004806,0.0185094929
2023-01-11,378.1898499,68881100,271.9921265,44077000,139.7433472,3979800,21.09,3.54,-0.66,1.99,77.46,120.1614,0.369505811,-0.7172528882,0.01264792045,0.01729993772,0.1931709123,-0.02537227873,-0.01739467945,-0.008647047036
2023-01-12,379.5667725,90157700,273.4620972,60600000,140.2715607,2916800,18.83,3.43,-0.69,1.97,78.32,119.4218,0.3695570077,0.4991803319,0.003640823803,0.005404460498,0.1915901783,-0.02182383092,-0.002720692118,0.01300853963
2023-01-13,381.0392761,63903900,275.3437195,44802900,140.6016235,2069900,18.35,3.49,-0.73,1.95,79.9,119.1673,0.3689950941,-0.9479032918,0.003879432471,0.006880742647,0.1907455499,-0.01802906253,0.005345071379,0.02843702435
2023-01-17,380.3412781,62677300,275.9023438,36269700,140.2903748,3228600,19.36,3.53,-0.65,1.91,80.25,119.2121,0.3688539289,-0.9659554442,-0.001831827034,0.002028825167,0.1674562416,-0.01982786344,0.00610911173,0.02425911162
2023-01-18,374.3364563,99632300,272.3155212,47754500,138.1304932,2689300,20.34,3.37,-0.69,1.96,79.53,119.0755,0.3690009104,1.524528745,-0.01578798338,-0.0130003336,0.1721260144,-0.03530280484,0.02263143516,0.0354472341
2023-01-19,371.6113586,86958900,269.6401978,44150400,136.7062836,2753100,20.52,3.39,-0.7,1.99,80.31,119.6107,0.3678743407,0.7465357575,-0.007279808339,-0.009824351819,0.1712893779,-0.04232561552,0.04145213243,0.06610960017
2023-01-20,378.5340881,91806400,277.0194397,60613600,139.0830994,2564800,19.85,3.48,-0.66,1.98,81.27,119.3486,0.3674255601,0.9579726036,0.0186289502,0.027366995,0.182157728,-0.02448514711,0.02475482322,0.04804022045
2023-01-23,383.0759583,84178800,283.1736755,52799900,140.8468628,2475700,19.81,3.52,-0.69,1.96,81.62,119.1434,0.3676734594,0.4786366279,0.01199857624,0.02221589881,0.1796653228,-0.01278035777,-9.989935976e-05,0.004533445558
2023-01-24,382.6648254,59524900,282.5954895,44875100,140.5167389,2383300,19.2,3.46,-0.66,1.94,79.86,119.0958,0.3672057883,-1.216159627,-0.001073240969,-0.002041807149,0.1697580428,-0.01383988234,0.01569235773,0.02167365778
2023-01-25,382.8082275,84800300,281.9683533,50872000,140.8374481,2948800,19.08,3.46,-0.65,1.96,79.78,118.9686,0.3679060114,0.5876847377,0.0003747459659,-0.002219201133,0.1694865086,-0.01347032281,0.0261021727,0.04584168106
2023-01-26,387.0154419,72287400,287.4660034,51596300,141.9692688,4367800,18.73,3.49,-0.68,1.91,80.64,119.021,0.3668310187,-0.4348613378,0.0109903969,0.01949740133,0.1704963623,-0.002627970112,0.02972191001,0.06265760876
2023-01-27,387.9046326,68346200,290.3275146,56441900,142.2333527,2888300,18.51,3.52,-0.67,1.88,79.73,118.9223,0.3666709307,-0.7697741773,0.002297558644,0.009954259622,0.1605090148,-0.0003364493831,0.01644145372,0.03348416537
2023-01-30,383.0376892,74202000,284.457428,49405800,140.7242279,2587000,19.94,3.55,-0.7,1.87,77.97,118.8953,0.3673900294,-0.2946593344,-0.01254675235,-0.0202188438,0.1612040285,-0.01287898038,0.02306599139,0.04588835589
2023-01-31,388.6697388,86811800,288.7203674,46705100,143.1105042,3279900,19.4,3.52,-0.69,1.9,78.95,118.9802,0.3682059339,0.690163419,0.01470364332,0.01498621247,0.1659310599,0,0.02142764604,0.05179557434
2023-02-01,392.800354,101459200,294.8942566,67562200,144.5724945,3688100,17.87,3.39,-0.7,1.91,76.34,118.6259,0.368055917,1.483631507,0.01062757097,0.02138362879,0.1656129289,0,-0.0003650762993,0.01146475327
2023-02-02,398.51828,101654500,305.4779358,83070600,146.1570435,4528000,18.73,3.4,-0.69,1.88,75.87,118.3421,0.366751165,1.376644225,0.01455682503,0.0358897434,0.1694662889,0,-0.02324957555,-0.03220861025
2023-02-03,394.2823486,94736800,300.0488892,76170800,144.3649597,4671900,18.33,3.53,-0.77,1.83,73.4,119.5095,0.3661461392,0.8992363884,-0.01062920224,-0.01777230364,0.1685288691,-0.01062920224,-0.01045206119,-0.02116405184
2023-02-06,391.8728333,60295300,297.5107117,40802300,143.3463287,1874000,19.43,3.63,-0.81,1.77,74.11,120.541,0.3657980768,-1.448024454,-0.006111141899,-0.008459213088,0.1569108473,-0.01667538758,0.007320131807,0.002997487596
2023-02-07,396.9980164,90990700,303.6748047,67584000,144.6856537,4267400,18.66,3.67,-0.8,1.78,77.17,120.3475,0.3644493114,0.7582351759,0.01307868949,0.0207188944,0.1604896963,-0.003814790307,-0.006141827809,-0.01010067918
2023-02-08,392.6569519,76227500,298.2751465,56720900,143.2614441,2797000,19.63,3.63,-0.82,1.83,78.47,120.1436,0.3648514139,-0.2562953122,-0.0109347258,-0.01778105434,0.1677010575,-0.01470780242,0.008108912833,0.0155402972
2023-02-09,389.2528992,78694900,295.638916,49137800,141.9504089,2179500,20.71,3.67,-0.81,1.84,78.04,119.9781,0.3646739928,-0.1170137417,-0.008669279171,-0.008838250521,0.1677672545,-0.02324957555,0.002923315248,0.005370221572
2023-02-10,390.1612854,70769700,293.6986389,50050100,142.3842773,2329900,20.53,3.74,-0.76,1.85,79.74,120.1419,0.3649369701,-0.6552068958,0.002333665934,-0.006562996258,0.1676096636,-0.02097016636,-0.001911566113,0.004871197455
2023-02-13,394.741394,64913500,298.4024963,39636700,143.9782867,2036100,20.34,3.72,-0.8,1.84,80.14,119.9828,0.364740787,-1.160567248,0.01173901362,0.01601593197,0.1714116318,-0.009477321808,-0.03328231884,-0.03438404353
2023-02-14,394.5597229,88389300,300.6074829,64079100,143.7047272,3398000,18.91,3.77,-0.83,1.81,79.08,119.9229,0.3642153997,0.5415256381,-0.000460228254,0.007389303372,0.1710925659,-0.009933188331,-0.03417018249,-0.04074990158
2023-02-15,395.8409729,61555700,302.9104309,43100600,144.3838501,1892400,18.23,3.81,-0.81,1.82,78.57,120.4557,0.3647521605,-1.468198281,0.003247290399,0.007660980278,0.1578321424,-0.006718153879,-0.03217528876,-0.03972850869
2023-02-16,390.3908081,76431500,297.2265625,59498600,142.7521362,2223700,20.17,3.86,-0.76,1.84,78.45,120.4651,0.3656646962,-0.149202368,-0.01376857164,-0.01876418845,0.1648756264,-0.02039422614,-0.02914684945,-0.03775175779
2023-02-17,389.4154663,89257800,295.129303,58230700,142.4502563,1673900,20.02,3.82,-0.78,1.89,76.31,120.5526,0.3658053382,0.7922428208,-0.002498372853,-0.00705609722,0.1542068797,-0.02284164661,-0.02340026924,-0.02397372212
2023-02-21,381.6034851,82655900,288.1422119,46526700,139.3566437,2587800,22.87,3.95,-0.72,1.87,76.28,120.6256,0.3651870308,0.3357910375,-0.02006078823,-0.02367467749,0.1666442195,-0.0424442134,-0.007091113572,-0.001598628404
2023-02-22,381.0775452,83742300,288.3577576,51389200,139.1868591,3720800,22.29,3.93,-0.73,1.85,73.95,120.8389,0.3652455016,0.3369064593,-0.001378236735,0.0007480530286,0.1666703846,-0.04376395196,-0.009534922663,-0.01036522002
2023-02-23,383.1046753,96242400,290.8762512,69294400,139.7056122,2632600,21.14,3.88,-0.78,1.86,75.26,121.0896,0.3646669466,1.163124217,0.00531946884,0.00873392023,0.1677993646,-0.0386772841,-0.007113432398,-0.01081442843
2023-02-24,379.012146,108194400,286.0057373,74332000,138.5077667,3517500,21.67,3.95,-0.83,1.86,76.19,121.5681,0.3654441373,1.653335653,-0.01068253551,-0.01674428179,0.1667616127,-0.04894664815,0.0197034173,0.02682921468
2023-02-27,380.3030396,80444700,288.0539551,48995000,138.6775513,2366500,20.95,3.92,-0.86,1.87,75.57,121.3941,0.3646501259,-0.1405065826,0.003405942444,0.007161456944,0.1670976554,-0.04570741517,0.01694606785,0.02068460566
2023-02-28,378.8974915,96438600,287.6815796,48243100,138.2719269,2763300,20.7,3.92,-0.89,1.9,76.88,121.3341,0.3649322838,0.870027816,-0.003695863429,-0.001292728261,0.1618109679,-0.04923435024,0.005072201653,0.009469859708
2023-03-01,377.4440002,99706800,285.368866,58287000,138.0172882,2872500,20.58,4.01,-0.88,1.84,77.57,120.6347,0.3656629543,1.001033124,-0.003836106714,-0.008039143926,0.1517883405,-0.05288158873,0.0105894324,0.02273347772
2023-03-02,380.3794861,85127800,287.7305908,53565900,139.1019745,3517300,19.59,4.08,-0.81,1.82,78.05,121.1302,0.3656926295,0.1338137098,0.00777727514,0.008276042467,0.1491010109,-0.04551558825,-0.01571090176,-0.003235452713
2023-03-03,386.4799805,90120000,293.6790466,60511500,141.0543823,3095000,18.49,3.97,-0.89,1.79,79.62,120.7742,0.3649720282,0.5324210795,0.01603791636,0.02067369964,0.1513012846,-0.03020764709,-0.04522631397,-0.03713964321
2023-03-06,386.7476807,72795900,294.0122375,56736300,140.3752594,2626400,18.61,3.98,-0.91,1.79,80.39,120.485,0.3629634162,-0.7239299826,0.0006926625151,0.001134540996,0.1475203006,-0.02953590828,-0.04724709673,-0.0310979861
2023-03-07,380.8193359,108310600,290.4058838,65955800,138.111618,2875200,19.59,3.97,-1.03,1.79,77.45,121.4623,0.3626696573,1.641321933,-0.01532871436,-0.01226599882,0.155245858,-0.04441187514,-0.01642095707,0.003475927961
2023-03-08,381.440918,74746600,291.8562927,50876300,138.404007,3049300,19.11,3.98,-1.07,1.79,76.56,121.4511,0.3628452021,-0.6975289147,0.001632222875,0.004994419936,0.1461532825,-0.04285214234,-0.02416526496,0.003726964483
2023-03-09,374.4033813,111945300,286.7996521,71456700,135.3480682,3693800,22.61,3.93,-0.97,1.85,75.6,121.4458,0.3615033276,1.657029492,-0.01844987333,-0.01732578927,0.1544740107,-0.06051139908,0.01162013131,0.04834956417
2023-03-10,369.0009155,189253000,282.7719116,98593600,132.4901733,7123300,24.8,3.7,-0.9,1.96,76.55,121.2421,0.3590510694,3.110592463,-0.01442953266,-0.01404374255,0.1588980688,-0.07406778053,0.01442940293,0.05825691489
2023-03-13,368.4749756,157790000,284.8690491,97123600,130.8679047,8104700,26.52,3.55,-0.48,2.14,74.68,120.8897,0.3551609019,1.991111889,-0.001425307958,0.007416357018,0.1579008468,-0.07538751909,0.02564561691,0.05419424465
2023-03-14,374.565918,149752400,291.4153137,73602500,132.7071228,3819100,23.73,3.64,-0.56,2.11,71.18,121.0141,0.3542957766,1.598698775,0.01653013851,0.02297990838,0.1645318106,-0.06010354672,0.02221533129,0.04523129255
2023-03-15,372.2232971,172996900,292.9440308,83631500,130.848999,6605200,26.14,3.51,-0.42,2.22,67.38,122.1079,0.3515336091,1.813011874,-0.006254228528,0.005245836334,0.1648322398,-0.06598187393,0.01111403259,0.02563789236
2023-03-16,378.7539978,143254200,300.6662903,98198100,132.4241333,8420400,22.99,3.56,-0.58,2.16,68.15,121.7221,0.3496309849,1.098003767,0.01754511535,0.02636087003,0.1790561406,-0.04959441817,-0.00363395053,0.01114529062
2023-03-17,374.3253784,140553400,299.2453308,89923700,130.188797,4967300,25.51,3.39,-0.42,2.21,66.61,121.5643,0.3477958068,0.9350720989,-0.01169260103,-0.004726035204,0.1774125931,-0.06070713145,0.01476957163,0.01968585322
2023-03-20,377.9247437,93055800,300.307312,56359500,131.8770599,3404300,24.15,3.47,-0.45,2.19,67.56,121.0141,0.3489505838,-0.4914889823,0.009615605679,0.003548864733,0.1821450739,-0.05167526161,0.006984264491,0.009118365281
2023-03-21,382.8870239,91524200,304.596405,49757000,133.640213,2214900,21.38,3.59,-0.58,2.11,69.4,120.8958,0.3490330167,-0.57420693,0.01313033972,0.01428234627,0.1750936294,-0.03922343563,-0.008297491831,-0.01037579845
2023-03-22,376.360199,111746600,300.4544983,75791900,130.6352692,5039600,22.26,3.48,-0.48,2.16,70.71,120.6217,0.3471017114,0.07552236036,-0.01704634669,-0.01359801583,0.185519719,-0.05560116603,0.02356483494,0.02156035376
2023-03-23,377.3776245,119351300,304.0173035,74576000,130.199234,7020600,22.61,3.38,-0.38,2.26,69.77,119.7587,0.3450104764,0.2735795975,0.002703329257,0.01185805237,0.1846508765,-0.05304814503,0.02678233951,0.01914447434
2023-03-24,379.8540039,107682400,305.1362305,57195200,131.3083344,6862600,21.74,3.38,-0.38,2.24,69.22,120.4598,0.345681059,-0.09499898307,0.006562072666,0.003680471438,0.1824041454,-0.04683417815,0.03446614203,0.03229438535
2023-03-27,380.56427,74010400,303.0456238,50287400,132.1804199,3065600,20.6,3.53,-0.41,2.19,72.87,120.2541,0.3473274565,-1.398389676,0.001869839744,-0.00685138794,0.1821244047,-0.04505191081,0.03647008539,0.03688939164
2023-03-28,379.710022,62871700,301.4359741,48585900,132.4458771,1693400,19.97,3.55,-0.47,2.19,73.12,119.7138,0.3488079572,-1.741132356,-0.002244687991,-0.005311575327,0.1817961316,-0.04719547132,0.03303848521,0.03890992557
2023-03-29,385.2290649,77497900,306.9324036,53274300,134.4365234,2480600,19.12,3.57,-0.51,2.15,72.95,119.7258,0.3489781423,-0.997869173,0.01453488886,0.01823415224,0.1880167046,-0.03334656339,0.0155723761,0.01023260013
2023-03-30,387.4846802,69840000,309.8375549,58354800,135.1000824,2695900,19.02,3.55,-0.55,2.11,74.32,119.4078,0.3486591582,-1.253646982,0.005855257143,0.009465117835,0.1872318922,-0.02768655895,0.01359917046,0.007507418921
2023-03-31,392.946106,112062600,314.9904175,62138100,137.0907135,2737800,18.7,3.48,-0.58,2.11,75.68,119.3602,0.3488791756,0.154991052,0.01409455924,0.01663085209,0.1852774773,-0.01398222955,0.0005373539013,-0.00953475651
2023-04-03,394.4434814,67391100,314.2247925,47126800,137.2044678,3390800,18.55,3.43,-0.54,2.11,80.4,119.3204,0.3478431619,-1.370096596,0.003810638318,-0.002430629497,0.1855627244,-0.01022487245,-0.002993317511,-0.01349359075
2023-04-04,392.2550659,66601500,313.1648254,45875400,135.8299713,2904000,19,3.35,-0.49,2.1,80.7,119.142,0.3462797121,-1.271378482,-0.005548109248,-0.003373276286,0.1771703391,-0.01571625299,-0.001517262262,-0.01889875884
2023-04-05,391.2279968,65200200,310.0731201,62795700,135.5455933,3234000,19.08,3.3,-0.49,2.14,80.69,119.2953,0.3464618953,-1.283349929,-0.002618370497,-0.009872453964,0.1777822941,-0.01829347252,0.01440151878,0.01028741173
2023-04-06,392.7541504,63743300,312.1636353,46916500,135.6403656,2182700,18.4,3.3,-0.52,2.11,80.7,119.3072,0.3453569248,-1.216532368,0.003900931367,0.006742006969,0.1617884367,-0.01446390273,0.007991441648,0.001635158468
2023-04-10,393.1572571,63681000,311.9870605,45134700,136.4650726,2635300,18.97,3.41,-0.59,2.09,79.79,119.7948,0.34710048,-1.130511279,0.001026358828,-0.0005656479073,0.1492220597,-0.01345238906,0.01057115914,0.003051590932
2023-04-11,393.2627869,59297900,309.9847717,40113600,137.3561401,2225200,19.1,3.43,-0.6,2.05,81.54,119.5248,0.3492731698,-1.217617768,0.0002684162209,-0.006417858532,0.1486431187,-0.01318758368,0.01095881056,0.009593819631
2023-04-12,391.6599121,86420400,307.2463989,62813300,136.6925964,3066100,19.09,3.41,-0.54,2.08,83.26,119.003,0.3490083928,-0.0471031585,-0.004075836335,-0.008833894605,0.1421773275,-0.01720966958,0.0149247556,0.01811260597
2023-04-13,396.8622742,85814800,313.26297,54613800,137.7447968,3190500,17.8,3.45,-0.51,2.07,82.16,118.3915,0.3470846329,0.04559163722,0.01328285561,0.01958223454,0.143544993,-0.004155407524,-0.003845703406,-0.009054650847
2023-04-14,395.8928223,78161500,312.6740723,56278300,137.1191406,2504300,17.07,3.52,-0.56,2.05,82.58,118.8567,0.3463541972,-0.1993368097,-0.002442791788,-0.001879882915,0.1343839286,-0.006588048517,-0.0006304819321,-0.006152432278
2023-04-17,397.313385,66436400,312.9391174,43007000,138.0481567,2399800,16.95,3.6,-0.58,2.02,80.93,119.2787,0.3474540802,-0.7884550498,0.00358825082,0.0008476723513,0.1238947672,-0.003023437267,-0.003164872709,-0.009064021269
2023-04-18,397.5724792,63560000,312.9587097,46746900,138.0575714,1569400,16.83,3.58,-0.61,2.01,80.85,119.1049,0.347251328,-0.8946950307,0.0006521155543,6.260733818e-05,0.1216241938,-0.002373293343,-0.01962763061,-0.02781776086
2023-04-19,397.5053406,55227300,312.8114319,38960100,138.0955505,1784900,16.46,3.6,-0.64,2.01,79.18,119.303,0.3474055225,-1.355475237,-0.0001688715275,-0.0004705982849,0.1152988674,-0.002541764089,-0.02361529789,-0.02146161955
2023-04-20,395.3360596,75840400,310.4264832,62462100,137.3372192,3451700,17.17,3.54,-0.6,2.05,77.27,119.1199,0.3473936058,0.09657756991,-0.005457237386,-0.007624237759,0.09571633305,-0.007985130466,0.001286669859,0.01286849118
2023-04-21,395.643219,73457400,310.7503662,59002300,137.3750916,2160900,16.77,3.57,-0.6,2.04,77.86,119.3117,0.3472196286,0.07126684973,0.0007769577715,0.001043348665,0.09590070642,-0.007214376803,0.009049062447,0.01879291361
2023-04-24,396.0559387,64332100,310.1026306,44043100,137.6310425,1523600,16.89,3.52,-0.6,2.04,78.64,119.2039,0.3475040494,-0.5898063776,0.001043161381,-0.002084424239,0.09470466173,-0.006178741182,0.006979755911,0.01974965563
2023-04-25,389.7690735,97766700,304.2528992,57121600,135.2896576,2563200,18.76,3.4,-0.46,2.09,77.05,119.613,0.3471020838,1.777970715,-0.01587368,-0.01886385625,0.114226453,-0.02195434182,0.01172185648,0.03029130393
2023-04-26,388.1181335,80447000,306.0979919,55400500,133.877243,5378700,18.84,3.43,-0.47,2.11,74.33,119.3228,0.3449394178,0.5953271994,-0.004235687369,0.006064339168,0.1152415995,-0.02609703746,0.009051369118,0.01737938125
2023-04-27,395.8447266,92968400,314.4212036,65430400,136.0764313,5993000,17.03,3.53,-0.54,2.07,74.77,119.4298,0.3437621424,1.313357125,0.01990783823,0.02719133052,0.1247245889,-0.006708734833,-0.01765216976,-0.01304819957
2023-04-28,399.2234192,89433100,316.590271,59712600,137.5836639,2965600,15.78,3.44,-0.6,2.08,76.78,119.2248,0.344628239,1.004945931,0.008535398858,0.006898604031,0.1263496427,0,-0.007934104856,0.001023035407
2023-05-01,398.8203125,62122300,316.2270508,41013400,137.4604034,3000900,16.08,3.59,-0.55,2.06,75.65,119.4435,0.3446675085,-0.9000665277,-0.00100972706,-0.001147287987,0.117481885,-0.00100972706,-0.006666542195,0.004655703925
2023-05-02,394.3378906,103998500,313.4691162,56519400,135.4033813,4489800,17.78,3.44,-0.53,2.16,71.71,119.6105,0.3433689345,1.90507547,-0.01123920155,-0.008721374606,0.1242628016,-0.01223758009,0.00021908943,0.007076200019
2023-05-03,391.631134,91531800,311.4177856,59882100,134.6166077,5835800,18.34,3.38,-0.51,2.2,68.62,119.1233,0.343733161,1.08756897,-0.006864054041,-0.006543963856,0.1251290458,-0.01901763472,0.01183755684,0.0247406595
2023-05-04,388.8572083,94901900,310.318573,50224500,133.3368988,5483300,20.09,3.37,-0.38,2.24,68.52,119.0465,0.3428942449,1.153537228,-0.007083006279,-0.003529704138,0.1273286604,-0.02596593897,0.01727842871,0.03172330209
2023-05-05,396.0559387,87891800,316.9141541,51806100,135.5835114,4860300,17.19,3.44,-0.48,2.2,71.32,118.5548,0.3423342465,0.6756456516,0.01851252932,0.02125422591,0.1432501508,-0.007934104856,-0.002520272638,0.006627478672
2023-05-08,396.1615601,50046800,317.6993103,36465800,135.3370514,2332900,16.98,3.52,-0.48,2.2,73.13,118.5759,0.3416208563,-2.030989042,0.0002666828788,0.002477504523,0.1432354974,-0.007669537867,0.0006541656222,0.009577180295
2023-05-09,394.4242859,49220100,315.6872864,31768800,134.8346558,2242700,17.71,3.53,-0.48,2.21,73.68,118.8239,0.3418518093,-1.923082829,-0.004385266884,-0.006333107629,0.144249427,-0.01202117178,-0.00165484222,0.01716197134
2023-05-10,396.2670898,96142900,319.122467,60446600,134.8156738,3871400,16.94,3.43,-0.47,2.26,72.53,118.5864,0.3402141568,1.02074023,0.004672136126,0.01088159331,0.1441632797,-0.007405200205,0.005765012846,0.01839216869
2023-05-11,395.5760498,70157100,320.1629028,44278500,134.1426392,3839400,16.93,3.39,-0.5,2.25,70.81,119.0303,0.33910708,-0.315208266,-0.001743874414,0.003260302544,0.1363167802,-0.00913616088,0.01722766041,0.03393600937
2023-05-12,395.0577698,70481500,319.0144958,48432800,134.1521301,3477400,17.03,3.46,-0.52,2.21,70.02,119.3671,0.339575982,-0.2718277811,-0.001310190618,-0.003586945809,0.1361207741,-0.01043438139,0.01708008333,0.03531995653
2023-05-15,396.4207153,54289400,320.7419739,33375600,134.9104614,2322700,17.12,3.5,-0.49,2.27,71.07,119.1608,0.3403214217,-1.316222966,0.00344999051,0.005415045554,0.136072357,-0.007020389393,0.01399478087,0.03320195778
2023-05-16,393.7715759,57705500,321.1051025,40019200,133.0050964,4668100,17.99,3.54,-0.52,2.28,70.85,119.1743,0.3377722125,-1.020833224,-0.006682646244,0.001132151984,0.1380273686,-0.01365612086,0.009360071183,0.01895082025
2023-05-17,398.5515747,87287000,324.9918213,47486100,134.6924591,6902700,16.87,3.57,-0.55,2.26,72.78,119.607,0.3379549038,0.6139241054,0.01213901427,0.01210419492,0.1450869432,-0.001682878434,-0.009970414414,0.001600569876
2023-05-18,402.3908997,97177200,331.0279541,64213500,135.7825775,3800000,16.05,3.65,-0.59,2.2,71.82,120.0886,0.3374394839,0.9906749132,0.009633194785,0.01857318375,0.1471957117,0,-0.01092484232,0.00726422967
2023-05-19,401.8053894,103793300,330.282074,61554900,135.4223633,5758200,16.81,3.7,-0.58,2.18,71.57,119.7751,0.337034711,1.148637242,-0.001455078269,-0.002253223988,0.1474386113,-0.001455078269,0.003344356629,0.03533338267
2023-05-22,401.9685364,60745400,331.3912354,43015900,135.6309204,4411500,17.21,3.72,-0.57,2.19,71.81,120.0875,0.3374167581,-0.9700915456,0.0004060348043,0.003358224573,0.1474428153,-0.001049634278,0.003319008435,0.03654756208
2023-05-23,397.4573059,86383500,327.1903076,48216700,134.180542,6919600,18.53,3.7,-0.56,2.19,72.87,120.3204,0.3375973721,0.4546200231,-0.01122284473,-0.01267664104,0.1412696688,-0.01226069912,0.009080242671,0.04388664063
2023-05-24,394.5778503,89213700,325.5119934,62891200,132.7207489,2940500,20.03,3.73,-0.58,2.18,74.37,120.4752,0.3363613766,0.5590978701,-0.007244691502,-0.005129474101,0.1431442083,-0.01941656564,0.02610134153,0.06139010463
2023-05-25,397.9948425,90961600,333.4326172,66862800,132.6354065,4696000,19.14,3.83,-0.67,2.1,71.68,120.8413,0.3332591087,0.642948021,0.008659868223,0.02433281704,0.1280716715,-0.01092484232,0.03200277269,0.04394806112
2023-05-26,403.1491699,93830000,341.9520569,63007000,133.7444916,4572500,17.95,3.8,-0.74,2.1,72.35,120.6304,0.3317493909,0.7526431466,0.01295073916,0.02555070877,0.1327115086,0,0.01685635067,0.01865661885
2023-05-30,403.3026733,72216000,343.5027771,72652200,133.5075226,8268500,17.46,3.69,-0.77,2.14,69.45,120.5546,0.3310355507,-0.3253421402,0.0003807608434,0.004534905358,0.1325903138,0,0.01868241514,0.01388649632
2023-05-31,401.0663147,110811800,341.5495911,65105400,132.3415527,7611200,17.94,3.64,-0.76,2.16,68.11,120.9662,0.3299742409,1.375255051,-0.005545112369,-0.005686085136,0.1272858726,-0.005545112369,0.02082080842,0.002385118448
2023-06-01,404.8768616,88865000,345.4952087,50488600,133.3368988,4478300,15.65,3.61,-0.72,2.15,70.09,120.0491,0.329327041,0.502568223,0.009501039443,0.01155210774,0.1273415469,0,0.01732975905,0.00323844134
2023-06-02,410.731781,91426200,348.0863342,53372100,136.2470703,10284600,14.6,3.69,-0.81,2.11,71.76,120.0049,0.331717867,0.6271910433,0.01446098799,0.007499743622,0.1305665389,0,0.004627063854,-0.0004230195212
2023-06-05,409.9447937,65460200,348.3317261,47266200,135.7825775,5415100,14.73,3.69,-0.77,2.1,72.14,120.0048,0.3312216172,-0.6541706295,-0.001916061384,0.0007049740871,0.1173725519,-0.001916061384,0.0156871798,0.01575082262
2023-06-06,410.8373413,64022200,348.2728271,41390400,136.7020874,5333300,13.96,3.7,-0.81,2.08,71.71,119.9718,0.3327401715,-0.8497855384,0.002177238548,-0.0001690886054,0.117248015,0,0.02016227815,0.02372898346
2023-06-07,409.4168396,85373300,342.3642273,69225900,137.7068939,13306200,13.94,3.79,-0.77,2.06,72.52,119.859,0.3363488763,0.3009798719,-0.00345757692,-0.01696543455,0.1166387329,-0.00345757692,0.02492096802,0.04896523993
2023-06-08,411.89328,61952800,346.6140747,47153900,137.7637787,5882400,13.65,3.73,-0.79,2.07,71.28,119.5712,0.3344647397,-1.126840383,0.006048701934,0.01241323442,0.1171749284,0,0.03138901552,0.04844966257
2023-06-09,412.6322632,85742800,347.9390869,53196900,137.6026459,4396800,13.83,3.75,-0.84,2.05,70.16,119.4322,0.333475247,0.3755753244,0.00179411316,0.003822730534,0.1163612321,0,0.02603494648,0.03788447039
2023-06-12,416.3756714,76104300,353.8182373,44606500,138.5125885,3733100,15.01,3.73,-0.82,2.1,67.08,119.6376,0.3326625402,-0.214986407,0.009072020143,0.01689706794,0.1181031464,0,0.01153505791,0.0191775583
2023-06-13,419.1207581,95899700,356.5369873,57097800,139.8492432,6802500,14.61,3.84,-0.83,2,69.39,119.1899,0.3336729104,0.8300062935,0.006592812353,0.007684030141,0.1189070089,0,-0.0002390461629,-0.002377385131
2023-06-14,419.6199036,100612100,359.1281738,69525600,139.5838013,8456400,13.88,3.83,-0.91,1.94,68.22,118.776,0.3326434235,1.008111141,0.001190934828,0.007267651368,0.1137383815,0,0.002176201564,0.002110654804
2023-06-15,424.8222046,110303100,363.4074097,71138800,141.195282,5177400,14.5,3.72,-0.9,2.02,70.61,118.5521,0.3323632344,1.383719816,0.01239765078,0.01191562275,0.1140111089,0,-0.01757980669,-0.0195070865
2023-06-16,423.3751221,114165800,361.120575,80932000,141.081543,11152900,13.54,3.77,-0.93,1.96,71.81,118.4184,0.333230593,1.453033692,-0.003406325055,-0.006292757539,0.113679657,-0.003406325055,-0.01824956052,-0.02652520253
2023-06-20,421.1785889,76160400,360.6036072,49204700,139.7981873,4514200,13.88,3.74,-0.94,1.95,70.94,118.938,0.3319214009,-0.5421426149,-0.005188148969,-0.001431565547,0.1161772968,-0.008576801503,-0.002310092325,-0.008367538322
2023-06-21,419.0205688,76982300,355.6893616,53378300,139.5982666,5481700,13.2,3.72,-0.96,1.96,72.55,118.727,0.3331537327,-0.5931239689,-0.00512376478,-0.01362783263,0.119047846,-0.01365662077,0.003333827126,0.007294923163
2023-06-22,420.5330811,70637200,359.8861694,47603000,139.0270233,3852200,12.91,3.8,-0.97,1.94,69.22,118.7552,0.3305971149,-0.9920731495,0.003609637138,0.01179908177,0.1081671239,-0.01009627908,0.003665522305,-0.00644523118
2023-06-23,417.3539124,92074500,356.3183899,48922900,137.8274536,3869600,13.44,3.74,-0.97,1.96,68.91,119.152,0.3302411923,0.4469453246,-0.007559854015,-0.009913633376,0.1085622033,-0.01757980669,0.02324505828,0.01897730536
2023-06-26,415.6487122,72823600,351.5417786,52685500,138.6652374,4300000,14.25,3.72,-0.93,1.98,69.09,119.0761,0.3336116133,-0.7612626209,-0.004085741489,-0.01340545833,0.1089139831,-0.02159372164,0.02862508505,0.03525511617
2023-06-27,420.2056274,72813700,357.5862427,49428100,140.359848,8880500,13.74,3.77,-0.97,1.94,67.68,118.8949,0.3340265786,-0.6914941109,0.01096338122,0.0171941558,0.1065128703,-0.01086708062,0.01595695002,0.01772810079
2023-06-28,420.417511,75636000,358.2840881,46498000,140.1218872,4335600,13.43,3.71,-1,1.96,69.54,119.3382,0.3332922239,-0.5039528006,0.0005042377614,0.001951544483,0.1064874065,-0.01036832246,0.007493335809,0.008009878492
2023-06-29,422.0745544,67882300,357.5666199,46151000,141.2167358,7610700,13.54,3.85,-1.02,1.92,69.85,119.527,0.3345777052,-0.9996115856,0.003941423499,-0.002002512212,0.1027096844,-0.006467764907,0.00100422695,0.006679245248
2023-06-30,427.0553284,104964000,363.0803528,58712500,142.463913,4742300,13.59,3.81,-1.06,1.88,70.66,119.3606,0.3335959149,1.353713455,0.01180069699,0.01542015558,0.1050636039,0,-0.008166360566,-0.008283394623
2023-07-03,427.5466919,32793400,363.9354248,19432900,142.8161774,2797300,13.57,3.86,-1.08,1.85,69.71,119.2119,0.3340364458,-3.151684481,0.001150585165,0.002355048999,0.09547198002,0,-0.002996962851,-0.005725241408
2023-07-05,426.9108276,58418400,363.9255676,34460900,142.2068634,4333900,14.18,3.95,-0.99,1.83,71.78,119.3483,0.333106715,-1.000494772,-0.001487239335,-2.70849636e-05,0.0952490563,-0.001487239335,0.006521832061,0.006859809211
2023-07-06,423.5678406,80658300,361.1539001,49374700,141.0453491,7769500,15.44,4.05,-0.94,1.8,71.76,119.8193,0.3329935269,0.1190268901,-0.007830644819,-0.00761602846,0.1014875665,-0.009306238111,0.0225172847,0.03181322819
2023-07-07,422.4984131,86134200,359.954895,47133700,141.3976593,3213100,14.83,4.06,-0.88,1.81,73.91,119.0761,0.3346702731,0.3562269195,-0.002524808042,-0.003319928503,0.1009300611,-0.01180754969,0.02446709969,0.03503161763
2023-07-10,423.5678406,62443500,360.0728149,48498800,142.6638336,4145800,15.07,4.01,-0.84,1.86,73.05,118.9548,0.3368146019,-0.8159849742,0.002531198833,0.0003275963836,0.09963447101,-0.009306238111,0.02542877895,0.04435536432
2023-07-11,426.2653503,64463800,361.8518066,38214100,144.2727814,10166300,14.84,3.99,-0.89,1.84,74.87,118.7344,0.3384576796,-0.6426901088,0.006368542432,0.004940644296,0.1011752673,-0.002996962851,0.02651085567,0.0477223045
2023-07-12,429.6950684,91924500,366.4220276,61975400,144.9392242,6668900,13.54,3.86,-0.86,1.88,75.77,117.6385,0.3373071625,0.5986033804,0.008045969523,0.01263009017,0.1002376105,0,0.02058202384,0.03441333025
2023-07-13,433.1054382,72425200,372.6433716,46960000,145.6247101,5458400,13.61,3.76,-0.83,1.91,76.86,117.1831,0.3362338526,-0.2065670209,0.007936721001,0.0169786299,0.1012349687,0,0.00582793164,-0.006303611449
2023-07-14,432.8357239,69815800,372.5646973,55148500,144.767868,6345100,13.34,3.83,-0.91,1.87,75.44,117.0463,0.3344637701,-0.2804649162,-0.0006227452524,-0.0002111249586,0.1015510487,-0.0006227452524,0.006454696524,-0.009074884094
2023-07-17,434.3386536,52680200,376.0439758,40868900,145.0439606,5352900,13.48,3.81,-0.93,1.9,74.17,117.1267,0.3339420965,-1.211410434,0.003472286608,0.009338723153,0.09355790593,0,0.007452708814,-0.01667493223
2023-07-18,437.5660095,80668200,379.1202087,55262000,145.9388428,5442200,13.3,3.8,-0.94,1.89,75.76,117.0264,0.333524176,0.5071119998,0.007430505967,0.008180513737,0.09450011975,0,0.002752235415,-0.0180431298
2023-07-19,438.5390625,65891700,379.0318298,54093000,146.6624451,8551800,13.76,3.75,-0.99,1.87,75.4,117.3462,0.3344341647,-0.2942670352,0.002223785571,-0.0002331157881,0.09096566611,0,0.0006810694021,-0.0210813668
2023-07-20,435.6295471,70591600,370.2943726,71941700,146.5101013,7542400,13.99,3.85,-0.95,1.85,75.65,117.5947,0.3363180994,0.006501174008,-0.006634563782,-0.02305204098,0.09268492199,-0.006634563782,0.0006856181797,-0.0003716888172
2023-07-21,435.6295471,71275600,369.1837158,60499600,146.7195587,5511700,13.6,3.84,-0.98,1.85,77.06,117.9418,0.3367989148,0.04437734301,0,-0.00299938865,0.09271932174,-0.006634563782,0.01048266553,0.02089835413
2023-07-24,437.5756531,54023400,369.773468,40380100,147.1289062,3358000,13.91,3.86,-0.95,1.84,78.81,117.8124,0.3362365004,-0.9940624869,0.004467341506,0.001597449107,0.08625176207,-0.002196861138,0.007903976426,0.01980178327
2023-07-25,438.7702942,55191200,372.2796936,38894400,147.2336426,5010400,13.86,3.91,-0.94,1.81,79.76,117.8565,0.3355597326,-0.8328173612,0.00273013616,0.006777732322,0.08279641983,0,0.002283478669,0.01058672609
2023-07-26,438.837738,71052900,371.0413208,47075700,147.5668488,5149100,13.19,3.86,-0.96,1.83,79.11,117.76,0.3362674537,0.2014270372,0.0001537110615,-0.003326458101,0.07723204592,0,-0.01181098392,-0.008290809507
2023-07-27,435.9282227,92194400,370.1567383,63940200,146.2721252,6057500,14.41,4.01,-0.9,1.78,80.17,117.8938,0.335541765,1.181967559,-0.006630048259,-0.002384053931,0.08320923453,-0.006630048259,-0.008066507912,-0.007514121182
2023-07-28,440.196106,80011800,376.8990479,56902900,146.9956512,6004400,13.33,3.96,-0.91,1.8,80.55,117.788,0.3339321935,0.5854954963,0.00979033492,0.01821474222,0.08765275642,0,-0.0221265491,-0.02983191889
2023-07-31,441.0342407,62040400,377.0956421,44019900,147.4526367,3809500,13.63,3.97,-0.91,1.77,81.8,117.8241,0.3343337617,-0.3295127256,0.001904003135,0.0005216098035,0.07984567923,0,-0.01546567523,-0.02212780628
2023-08-01,439.7722168,55291500,376.2209167,41060600,146.8528442,3038100,13.93,4.05,-0.87,1.77,81.37,118.5738,0.3339293358,-1.257324261,-0.002861510081,-0.002319637896,0.0814156681,-0.002861510081,-0.01693402346,-0.02818793013
2023-08-02,433.6546326,93933400,367.9650879,72687100,145.4533234,6038100,16.09,4.08,-0.8,1.82,79.5,119.1268,0.3354128203,1.567201499,-0.01391080199,-0.02194409851,0.09763390401,-0.01673250617,-0.009730545296,-0.01730817716
2023-08-03,432.4118042,64276100,367.3753357,47666400,144.7297668,4871400,15.92,4.2,-0.7,1.84,81.56,119.3963,0.3347035521,-0.447867831,-0.002865940488,-0.001602739544,0.09330633758,-0.01955049229,-0.006527929809,-0.01391160024
2023-08-04,430.4560852,100128900,365.655426,61702800,144.0824127,4016200,17.1,4.05,-0.73,1.9,82.76,118.821,0.3347203528,1.83454588,-0.004522815925,-0.004681614417,0.0945824892,-0.02398488494,-0.002596066624,-0.01558989858
2023-08-07,434.2133484,58357500,368.7513428,37230400,145.3010254,3359000,15.77,4.09,-0.67,1.9,81.94,119.0809,0.3346304897,-0.9282281771,0.008728563291,0.008466760036,0.09843611001,-0.01546567523,-0.005768642965,-0.01290026089
2023-08-08,432.3251038,71361300,365.6160278,44726500,144.5774384,3521700,15.99,4.02,-0.72,1.93,82.94,119.6407,0.334418328,0.07253032833,-0.004348656337,-0.008502518032,0.09841054859,-0.01974707666,-0.01305840731,-0.01499995075
2023-08-09,429.4349365,78789600,361.596283,51150900,144.1585388,5116400,15.96,4,-0.79,1.92,84.35,119.476,0.3356935511,0.6470560135,-0.006685170977,-0.01099444381,0.09776444487,-0.02630023506,-0.01370727567,-0.01459609325
2023-08-10,429.5890503,93005500,362.2645569,72035300,143.9871979,3943500,15.85,4.09,-0.73,1.89,82.81,119.1581,0.3351742736,1.38884583,0.0003588757142,0.001848121668,0.09318576116,-0.02595079786,-0.02157376399,-0.02715765771
2023-08-11,429.3385925,68690900,359.954895,48707200,144.0157318,4139400,14.84,4.16,-0.73,1.87,83.17,119.6268,0.3354362601,-0.141599916,-0.0005830171032,-0.006375621963,0.09318455821,-0.0265186852,-0.0205318708,-0.02214387077
2023-08-14,431.7085266,47867400,363.9943542,42130800,143.9871979,2929100,14.82,4.19,-0.77,1.84,82.5,120.0725,0.3335287329,-1.865625895,0.005519965182,0.01122212612,0.09458296123,-0.02114510224,-0.01957094561,-0.01741591417
2023-08-15,426.6796265,75707500,360.1318054,45539900,142.0926056,3439800,16.46,4.21,-0.71,1.86,81.06,120.2127,0.333019429,0.3781636015,-0.01164883211,-0.01061156247,0.09811654779,-0.0325476186,-0.01070261871,-0.008296556869
2023-08-16,423.5485535,80107200,356.3183899,53190500,141.0549011,5386200,16.78,4.28,-0.69,1.84,79.4,120.3551,0.3330312427,0.6022683055,-0.007338229444,-0.01058894402,0.09949946801,-0.03964700615,0.007710803476,0.01812203506
2023-08-17,420.3211975,95711300,352.4263,62604300,139.969574,5092200,17.89,4.3,-0.64,1.87,80.43,120.5242,0.3330062219,1.323609722,-0.007619801627,-0.01092306755,0.1002040228,-0.04696470546,0.001375218406,0.00736255234
2023-08-18,420.523468,98852000,351.9841003,61191400,140.2170868,4654100,17.3,4.26,-0.66,1.89,81.25,120.4321,0.3334346296,1.327285579,0.0004812284249,-0.00125472959,0.1003311228,-0.04650607779,0.007949730158,0.01644650968
2023-08-21,423.2595825,68719000,357.6550598,50696500,140.1885071,3909100,17.13,4.34,-0.63,1.88,80.71,120.4627,0.3312116556,-0.3357053389,0.006506449009,0.01611140806,0.1022482167,-0.0403022182,0.007784419912,0.00785928511
2023-08-22,422.1130371,64994200,357.1439514,44530200,139.6363525,3955500,16.97,4.34,-0.68,1.82,80.25,120.3554,0.3308032216,-0.6558196567,-0.002708846905,-0.001429054013,0.1009783711,-0.04290189257,0.02512847207,0.03134464273
2023-08-23,426.8144531,68441000,362.7756042,51770600,140.797821,3683200,15.98,4.19,-0.76,1.83,78.91,120.0307,0.3298806308,-0.3980819708,0.01113781287,0.01576857962,0.1109923413,-0.03224191295,0.01801241197,0.02099637844
2023-08-24,420.899231,88517300,355.0210571,66842500,139.4459381,3281000,17.2,4.23,-0.75,1.8,79.52,120.2354,0.3313048061,0.8485905408,-0.01385900155,-0.02137560252,0.1182683149,-0.04565407378,0.03080867162,0.04642582992
2023-08-25,423.8665161,102325100,357.7730103,69960500,140.1504517,5393300,15.68,4.25,-0.78,1.76,80.47,120.5137,0.3306476127,1.409287273,0.007049870701,0.007751520846,0.1150861818,-0.0389260584,0.02550165027,0.03727809752
2023-08-28,426.5544128,61595400,360.4659729,40910000,141.1976624,4273700,15.08,4.2,-0.78,1.82,80.65,120.3155,0.3310191106,-0.9056730657,0.006341375472,0.00752701453,0.1180523796,-0.03283152768,0.01463547951,0.03083768543
2023-08-29,432.7200928,83081900,368.338501,58492400,142.7876129,5362000,14.45,4.12,-0.75,1.84,81.14,120.2669,0.3299768495,0.3859545087,0.01445461528,0.0218398647,0.1309733785,-0.0188514795,-0.006545564923,-7.99521712e-05
2023-08-30,434.5024109,69053900,370.3925781,41731500,143.2350616,6138000,13.88,4.12,-0.78,1.82,81.64,119.7937,0.3296530884,-0.4388444327,0.004118870709,0.005576601802,0.1223431771,-0.0148102556,-0.01365824365,-0.01273673019
2023-08-31,433.8665771,66084600,371.5032043,35730700,142.730484,5314200,13.57,4.09,-0.76,1.83,83.55,120.225,0.3289732179,-0.6651438272,-0.001463360673,0.002998511002,0.1219890533,-0.01625194353,-0.01072495206,-0.01431241532
2023-09-01,434.6758118,58944100,371.1101074,39801200,143.3207397,4846200,13.09,4.18,-0.69,1.82,85.52,120.759,0.3297186912,-1.12169415,0.001865169298,-0.001058125258,0.1208134433,-0.01441708686,-0.006072753265,-0.001641786184
2023-09-05,432.7972412,55166200,371.5819092,32344200,141.5499268,3754600,14.01,4.27,-0.67,1.84,86.74,121.4345,0.3270582926,-1.414157777,-0.00432177385,0.00127132554,0.1178923117,-0.01867655332,-0.007234644159,-0.01396575689
2023-09-06,429.8876953,70758500,368.3090515,42998700,141.0644073,5019700,14.45,4.3,-0.71,1.79,87.55,121.8671,0.3281424635,-0.1807998768,-0.006722653523,-0.008807903682,0.11930978,-0.02527365084,0.0006500522484,-0.001414479427
2023-09-07,428.5678711,70355400,365.6749878,52060700,140.5027008,4834200,14.4,4.27,-0.67,1.81,86.87,121.9528,0.3278423566,-0.1815116155,-0.003070160493,-0.007151775689,0.1174008317,-0.02826621717,0.01238610949,0.01400316029
2023-09-08,429.2133789,61659700,366.1860962,35800100,140.5693359,2480800,13.84,4.26,-0.72,1.79,87.51,121.9475,0.3275045533,-0.7527272694,0.001506197398,0.001397712218,0.1175276483,-0.02680259428,-0.001315585151,-0.004750738925
2023-09-11,432.0361328,60180100,370.500824,39936600,140.797821,2917500,13.8,4.29,-0.68,1.8,87.3,121.3386,0.3258936241,-0.8274390873,0.006576574834,0.01178288261,0.1197967385,-0.02040228871,-0.007258761768,-0.01531550699
2023-09-12,429.6661072,67565400,366.3924866,41391000,140.6169434,3062400,14.23,4.27,-0.71,1.79,88.87,121.2913,0.3272702711,-0.3770764742,-0.005485711622,-0.01108860531,0.1198552171,-0.02577607926,-0.003852890687,-0.006396662188
2023-09-13,430.1671448,60199300,367.7880859,46300700,140.0552521,3821800,13.48,4.25,-0.71,1.81,88.59,121.0549,0.3255833314,-0.9389574999,0.001166109193,0.003809028341,0.112009126,-0.02464002779,-0.01416061347,-0.02443078475
2023-09-14,433.8761597,83430800,370.7955933,48039400,141.692749,3080600,12.82,4.29,-0.71,1.8,90.13,121.2395,0.3265741753,0.8334427124,0.008622264479,0.008177283167,0.1116537676,-0.01623021615,-0.03874292462,-0.05007534837
2023-09-15,428.6487122,111848900,364.4464417,69811200,140.5027008,3637700,13.79,4.33,-0.69,1.78,90.83,121.199,0.3277805271,2.199121878,-0.01204824785,-0.01712305035,0.117273646,-0.02808291833,-0.02920811186,-0.03339138806
2023-09-18,428.9000854,55752200,364.826416,36903500,140.1661224,2843700,14,4.32,-0.73,1.77,91.47,121.1938,0.326803671,-1.187991055,0.0005864319287,0.001042606874,0.1172679807,-0.02751295512,-0.02569709065,-0.02981162448
2023-09-19,428.0106506,66514600,364.0487976,37621700,139.9366455,3814000,14.11,4.37,-0.71,1.75,91.16,121.1645,0.3269466433,-0.2636726881,-0.002073757606,-0.002131475063,0.1158834908,-0.02952965753,-0.03801597042,-0.04233905665
2023-09-20,424.0757141,82562600,358.8027344,45514200,139.29599,4128100,15.14,4.35,-0.77,1.73,89.2,120.9648,0.3284696231,0.7831274898,-0.009193548146,-0.01441032979,0.1205204529,-0.03845172335,-0.02870227092,-0.02606035018
2023-09-21,417.0665283,104095800,352.2278748,69734800,136.9820557,4778100,17.54,4.49,-0.63,1.66,89.56,121.5528,0.3284417386,1.705299432,-0.01652814712,-0.01832444123,0.1272236101,-0.05434433472,-0.006652941557,0.0004189986608
2023-09-22,416.1286926,100829700,352.2770691,51589700,136.437027,3362700,17.2,4.44,-0.66,1.73,90,121.5306,0.3278721929,1.468317897,-0.002248647709,0.0001396662203,0.1181617074,-0.05647078117,-0.006830596584,0.001005854853
2023-09-25,417.8786011,70874500,353.9503479,39168000,136.78125,6184600,16.9,4.55,-0.54,1.75,89.68,122.1143,0.3273229346,-0.04115738161,0.004205209778,0.004749894204,0.116151503,-0.05250304287,-0.0113827851,0.004588107942
2023-09-26,411.7394104,96168400,348.6353149,53657700,134.859314,4013000,18.94,4.56,-0.48,1.77,91.43,122.4742,0.3275355979,1.283352467,-0.0146913258,-0.01501632359,0.1230632632,-0.06642302936,-0.01007317218,0.002004449898
2023-09-27,411.9037781,104705800,349.4522095,56066000,134.9071045,5306400,18.22,4.61,-0.49,1.77,93.67,122.9895,0.3275209204,1.532788241,0.000399203165,0.002343120436,0.1076883962,-0.06605034248,-0.003262513296,0.01326608942
2023-09-28,414.2918091,92258300,352.3754578,56453300,135.8441925,6516300,17.34,4.59,-0.45,1.8,91.65,122.5342,0.3278949512,0.8932181248,0.005797545769,0.008365230529,0.1091987185,-0.0606357266,-0.009381081261,0.001899513789
2023-09-29,413.2862854,115111300,352.6314087,64829600,135.4808502,5839300,17.52,4.59,-0.44,1.78,90.77,122.3077,0.3278135641,1.613058491,-0.002427090422,0.0007263585533,0.1091477884,-0.06291564863,0.004819028005,0.0179473417
2023-10-02,413.1219788,83798600,355.5743103,51625100,133.9509583,7668900,17.61,4.69,-0.43,1.78,88.81,123.0545,0.3242406968,0.2716156475,-0.0003975613187,0.008345545912,0.1082658225,-0.06328819712,0.01165427278,0.01467103819
2023-10-03,407.5918884,103760600,349.334137,60478500,132.3445892,6579100,19.78,4.81,-0.34,1.82,89.26,123.7848,0.3246987808,1.06131069,-0.01338609567,-0.01754956182,0.1148501838,-0.07582711093,0.03071704783,0.03851574489
2023-10-04,410.5599365,87453000,354.0880737,54786700,133.0999756,7483500,18.58,4.73,-0.32,1.83,84.32,123.5946,0.3241913391,0.2844429064,0.007281911588,0.01360856631,0.1194485379,-0.06909736566,0.02745727642,0.03188336773
2023-10-05,410.405304,70142700,353.0447998,45897400,132.7174988,4976800,18.49,4.72,-0.31,1.85,82.3,123.8993,0.3233815389,-0.6675990999,-0.0003766382314,-0.002946368441,0.1195919218,-0.06944797918,0.02157826635,0.03133627902
2023-10-06,415.2779236,113273300,358.9602051,75049100,133.8649292,8193300,17.45,4.78,-0.3,1.84,82.83,123.3563,0.322350218,1.266814422,0.01187270141,0.01675539557,0.129064965,-0.0583998129,0.004562888696,0.001590320621
2023-10-09,417.936615,80374400,360.7909546,45304800,134.8210907,3955400,17.7,4.78,-0.3,1.84,82.83,123.3563,0.3225874113,-0.2893684029,0.006402197794,0.005100146161,0.128919534,-0.05237150225,0.008674732367,0.007774903196
2023-10-10,420.111908,78607300,362.7890015,46968800,135.8537598,5192900,17.03,4.66,-0.3,1.83,85.89,122.9282,0.3233751703,-0.4377970412,0.00520483942,0.005537962772,0.1302527476,-0.04743924809,0.003405798844,-0.001058053293
2023-10-11,421.8327942,62451700,365.377594,38215100,136.1406097,4211300,16.09,4.58,-0.41,1.82,83.7,122.7697,0.3227359551,-1.551249281,0.00409625673,0.007135256358,0.1313371392,-0.0435373147,-0.01400349876,-0.0211466209
2023-10-12,419.2611389,81154200,364.1079102,49587900,134.4386444,6378300,16.69,4.7,-0.36,1.83,82.87,123.2101,0.3206561065,-0.2938477994,-0.006096385366,-0.003474990965,0.1274506982,-0.04936827982,-0.01667201787,-0.0269239486
2023-10-13,417.1727905,95143100,359.5310669,52469900,134.1421814,5019900,19.32,4.63,-0.41,1.82,87.67,123.5954,0.3215506487,0.5212406979,-0.004981020645,-0.01257001876,0.1221862718,-0.05410339605,-0.02389326695,-0.02923781232
2023-10-16,421.5621033,75433200,363.5960693,44201100,135.8154907,3995000,17.21,4.71,-0.38,1.83,86.65,123.3185,0.3221719639,-0.7945302945,0.01052157006,0.01130640108,0.1291419649,-0.04415107865,-0.03573063847,-0.03719449778
2023-10-17,421.5427246,75324700,362.4051514,50999100,136.4848633,4954900,17.88,4.83,-0.36,1.8,86.66,123.1202,0.323774686,-0.8758283336,-4.59687006e-05,-0.003275387358,0.1290837189,-0.04419501779,-0.02841589933,-0.02463341533
2023-10-18,415.9256592,93559800,357.6510925,54280500,134.3238831,3986800,19.22,4.91,-0.28,1.78,88.35,123.8148,0.3229516624,0.3578420318,-0.01332502046,-0.01311807743,0.1334363873,-0.05693113873,-0.0294275053,-0.03585866339
2023-10-19,412.2712097,121323000,354.3046875,72274200,132.660141,6056300,21.4,4.98,-0.16,1.82,89.35,123.798,0.3217788142,1.724082565,-0.008786304433,-0.00935661906,0.1239292003,-0.06521722885,-0.03254942168,-0.04530926137
2023-10-20,407.2051697,123919900,349.019165,72559700,131.0059509,5247800,21.71,4.93,-0.14,1.88,89.12,123.612,0.3217197636,1.664432215,-0.01228812471,-0.01491801449,0.1306944528,-0.07670395611,-0.02495304947,-0.02619855797
2023-10-23,406.4994202,92035100,350.0722961,60665200,130.1740723,7157000,20.37,4.86,-0.19,1.85,85.49,123.2846,0.3202318769,0.07294501266,-0.001733154597,0.003017401934,0.1292183973,-0.0783041709,-0.01158265737,-0.01819090975
2023-10-24,409.564209,78564200,353.4778748,47082100,131.0059509,6337700,18.97,4.83,-0.19,1.84,84.58,123.6416,0.3198666975,-0.7118539707,0.007539466642,0.009728215145,0.1227020723,-0.07135507594,-0.01281783229,-0.02300012527
2023-10-25,403.6860046,94223200,344.8262024,71190500,129.5621033,6627700,20.19,4.95,-0.13,1.83,86.07,123.7871,0.3209477212,0.2823923561,-0.01435233894,-0.02447585261,0.132472456,-0.08468330265,0.01223807137,0.01889583084
2023-10-26,398.8520203,115156800,338.2514038,78621400,129.2943878,13893800,20.68,4.86,-0.16,1.82,83.8,124.0064,0.3241663104,1.245598953,-0.01197461472,-0.01906699241,0.1354118413,-0.09564386745,0.04414012291,0.05755677058
2023-10-27,397.0441589,107367700,339.8753662,63476700,127.8027496,7744900,21.27,4.84,-0.15,1.88,86.04,123.62,0.3218854799,0.9219693006,-0.00453266183,0.004801051478,0.1357341455,-0.09715952084,0.058463793,0.06486923451
2023-10-30,401.7910767,86562700,343.7041626,55298500,128.8067627,10830300,19.75,4.88,-0.15,1.86,83.03,123.4076,0.3205814419,-0.2187019757,0.01195564175,0.01126529536,0.1444337144,-0.07565347373,0.0483649795,0.05730229652
2023-10-31,404.3144836,79665200,345.3478394,47671900,129.8776398,6021900,18.14,4.88,-0.19,1.85,81.64,123.8364,0.3212292535,-0.5897459778,0.00628039578,0.004782242803,0.1394830582,-0.06984821171,0.04478699863,0.0622168369
2023-11-01,408.6263428,98068100,351.34198,58992700,130.3175201,6508700,16.87,4.77,-0.18,1.91,81.05,123.7922,0.3189161013,0.4778046857,0.01066461704,0.01735682098,0.1424290401,-0.0599284991,0.03451953373,0.04476705614
2023-11-02,416.4573975,94938900,357.7200623,58162400,133.2051544,7961700,15.66,4.67,-0.31,1.84,83.04,122.8818,0.3198530155,0.2382333095,0.01916434128,0.0181534876,0.1581284333,-0.04191264803,0.007150197604,0.0182422093
2023-11-03,420.2568665,100167800,361.922821,53280500,135.3852386,7473300,14.91,4.57,-0.26,1.86,81.19,121.7564,0.3221487844,0.586765624,0.009123307732,0.0117487366,0.1558550368,-0.03317172229,0.01361900466,0.02904467959
2023-11-06,421.2236938,67831700,363.3992004,38848700,134.6776886,5054800,14.89,4.67,-0.26,1.84,81.54,121.6484,0.3197296129,-1.502637451,0.002300562988,0.004079265823,0.1545187191,-0.03094747293,0.01032859033,0.02166786405
2023-11-07,422.4225159,64256100,366.8342896,50777400,134.3908081,3636800,14.81,4.58,-0.33,1.83,77.96,122.0777,0.3181430986,-1.630050381,0.00284604603,0.00945266007,0.1537784159,-0.02818950484,0.02700676155,0.03388790048
2023-11-08,422.7319336,61746000,367.0705261,35663400,134.1708832,3994900,14.45,4.49,-0.44,1.84,75.85,122.0926,0.3173899876,-1.818736082,0.0007324839775,0.0006439871599,0.1531447542,-0.02747766922,0.02842764408,0.03400002677
2023-11-09,419.4351501,83174400,364.2456665,53859400,133.0330048,6288500,15.29,4.62,-0.41,1.83,76.34,122.1281,0.3171718076,-0.3278795775,-0.007798756577,-0.0076956863,0.1541814916,-0.03506213414,0.0377788179,0.04291111584
2023-11-10,425.9803467,89462200,372.4347534,58309800,134.5916138,6783800,14.17,4.61,-0.43,1.8,76.34,122.1281,0.3159573319,0.05515836712,0.01560478785,0.02248231803,0.1623445701,-0.02000448346,0.02310437694,0.02021731994
2023-11-13,425.5743408,52236100,371.2732849,40733500,134.4194946,4142700,14.76,4.63,-0.39,1.79,78.86,122.4264,0.3158543214,-2.230502645,-0.0009531093689,-0.003118582504,0.1585731831,-0.02093852637,0.03196342546,0.0358687487
2023-11-14,433.83078,97176900,379.2655334,67792600,138.2537842,15157800,14.16,4.44,-0.36,1.83,78.9,121.35,0.3186813627,0.4376353812,0.01940069787,0.02152659203,0.1720985796,-0.001944050521,0.01011742806,0.008148764867
2023-11-15,434.7492065,77327600,379.5509338,54141400,138.9039612,8133800,14.18,4.53,-0.37,1.8,77.15,121.0749,0.3195036566,-0.5247450322,0.002117015564,0.0007525081123,0.1629495048,0,0.01187516768,0.01151383459
2023-11-16,435.2809143,66665800,379.8758545,45343500,138.4449768,5466700,14.32,4.45,-0.38,1.81,73.5,121.1754,0.3180589184,-1.074475542,0.001223021815,0.000856066012,0.1577355946,0,0.01126101035,0.009223819331
2023-11-17,435.8223572,83133200,379.964386,46571900,139.1143494,5027100,13.8,4.44,-0.44,1.78,76.47,120.8477,0.3191996626,0.01282195845,0.001243892974,0.0002330537545,0.1475941493,0,0.008185685805,0.00810791513
2023-11-20,439.1771545,69936200,384.5903931,44429600,139.6689453,6441800,13.41,4.42,-0.47,1.76,78.1,120.2533,0.3180241592,-0.7657374421,0.007697625668,0.01217484388,0.1470030266,0,0.001474815052,-0.001407604891
2023-11-21,438.2200317,49244600,382.3560791,43337000,139.4107513,4612600,13.35,4.41,-0.45,1.77,78.35,120.2241,0.3181295725,-2.069740771,-0.002179354716,-0.005809593805,0.1478695321,-0.002179354716,0.002956211715,0.003449345377
2023-11-22,439.9119263,59394900,383.9210205,44121000,140.0609436,4388100,12.85,4.42,-0.47,1.71,76.8,120.6802,0.3183840565,-1.142358908,0.003860833391,0.004092890088,0.1321165888,0,0.003032736517,-0.003153098442
2023-11-24,440.1826172,29737400,383.3797607,15718800,140.4720917,1156200,12.46,4.47,-0.45,1.72,74.83,120.2105,0.3191223056,-2.934158871,0.0006153298008,-0.001409820606,0.1183378957,0,0.008346145399,0.001103992267
2023-11-27,439.3898621,50506000,383.045105,34139700,140.1852417,3848000,12.69,4.39,-0.45,1.71,74.46,120.173,0.3190452348,-1.092450928,-0.001800968725,-0.0008729093082,0.1157990572,-0.001800968725,0.004862644463,-0.007323276625
2023-11-28,439.8248596,62115000,384.0490417,35491100,140.0513916,3960800,12.69,4.34,-0.39,1.75,76.09,119.5904,0.3184253653,-0.3565224252,0.0009900036304,0.002620936163,0.1137180174,-0.0008127480604,0.003670853148,-0.007432306312
2023-11-29,439.5155029,63146000,383.6749573,38811700,140.6059723,5732900,12.98,4.27,-0.37,1.72,77.56,119.8159,0.3199112918,-0.2638437633,-0.0007033633563,-0.000974053915,0.1150086695,-0.00151553976,0.000329953165,-0.01221093008
2023-11-30,441.2460632,79752700,382.7104797,52834400,141.8012085,7763200,12.92,4.37,-0.36,1.67,75.66,120.2434,0.3213653793,0.5731664829,0.003937427215,-0.002513788093,0.1124497333,0,0.004009682441,0.004114856183
2023-12-01,443.8564453,89183400,383.803009,40490100,143.9334564,12060800,12.63,4.22,-0.34,1.71,73.7,119.9424,0.3242792978,0.9839519908,0.005915932849,0.002854714869,0.09737540429,0,0.002395923403,0.005718701221
2023-12-04,441.5264587,72430900,380.2399597,51186900,144.0003815,9572900,13.08,4.28,-0.36,1.67,72.73,120.4727,0.326142134,0.3271068063,-0.005249414753,-0.009283536691,0.0991454949,-0.005249414753,0.01160517749,0.02381437182
2023-12-05,441.4393921,69793500,381.1946716,42933000,142.719101,6384200,12.85,4.18,-0.39,1.65,71.95,120.7913,0.3233039541,0.1841750177,-0.0001971946384,0.002510814263,0.09960417486,-0.005445574235,0.01642582699,0.02938382691
2023-12-06,439.6605225,69124700,378.9899292,41994100,142.766922,5237800,12.97,4.12,-0.48,1.63,68.98,120.5334,0.3247208123,0.1349651082,-0.004029702969,-0.00578377033,0.1021222694,-0.009453333157,0.03461165133,0.04853905492
2023-12-07,443.0153198,66995400,384.2852783,49593500,143.5223236,6054300,13.06,4.14,-0.44,1.63,69,120.6013,0.3239669537,0.003966276966,0.00763042664,0.01397226869,0.1038876878,-0.001895039482,0.03007220774,0.03319404142
2023-12-08,444.9198914,83194400,385.9978638,46687500,143.9717407,5181700,12.35,4.23,-0.48,1.61,70.87,120.7607,0.3235902542,0.8078324019,0.004299109868,0.004456547117,0.09682300482,0,0.02397405607,0.03358232969
2023-12-11,446.6504517,65002200,389.2951355,41198000,145.253006,7130700,12.63,4.23,-0.48,1.61,70.95,120.9279,0.3252051027,-0.05056503394,0.00388959976,0.008542202012,0.08472278346,0,0.02574426535,0.03128314262
2023-12-12,448.6903992,68327600,392.3956299,39221200,145.5111542,4633800,12.07,4.2,-0.53,1.6,68.27,120.6817,0.3243019116,0.0913751663,0.004567212464,0.007964379983,0.08410144252,0,0.02728990966,0.02836237617
2023-12-13,454.8778992,93278000,397.3857422,55408100,148.5996094,11782700,12.19,4.04,-0.42,1.61,69.09,121.1571,0.3266802138,1.336574794,0.01379013238,0.01271704353,0.07055786241,0,-0.0007258424257,0.0003594046048
2023-12-14,456.3377686,119026000,397.0412598,55447800,150.626709,21351900,12.48,3.92,-0.45,1.57,71.21,119.5683,0.3300772352,1.981943595,0.003209365387,-0.0008668716194,0.07061020417,0,0.005522201289,0.01287707967
2023-12-15,455.5864258,141553700,398.9605713,62896600,149.5558014,8883500,12.28,3.91,-0.53,1.57,71.05,119.7382,0.3282709776,2.131192055,-0.001646461953,0.004834035447,0.07198498603,-0.001646461953,0.009204579434,0.009512404824
2023-12-18,458.1491394,70375300,401.4735107,46610000,149.6220398,8628600,12.56,3.95,-0.48,1.58,72.16,119.9102,0.3265793318,0.01230172644,0.005625087751,0.006298716299,0.07281403185,0,0.007797100988,0.009334890301
2023-12-19,460.9351196,55761800,403.5249023,35711900,150.8795013,10130900,12.53,3.93,-0.48,1.57,73.23,119.4632,0.3273334899,-0.6636661668,0.006080946105,0.005109656171,0.07150099737,0,0.003516901107,0.006247889993
2023-12-20,454.5477295,102921000,397.5285645,54042400,148.3837433,7411100,13.67,3.86,-0.48,1.63,73.87,119.5435,0.3264426014,1.091060857,-0.01385746033,-0.01485989553,0.09087742598,-0.01385746033,0.01800294334,0.02092971589
2023-12-21,458.8577576,86667500,402.1539917,45568900,150.2075653,6988900,13.65,3.89,-0.44,1.64,73.59,119.3168,0.3273510425,0.5116632764,0.009482014311,0.01163545883,0.09464257231,-0.00450684266,0.005521403478,0.004819931002
2023-12-22,459.7799072,67160400,402.7556458,34314000,150.7163239,5749900,13.03,3.9,-0.41,1.65,73.29,119.0625,0.3278010228,-0.5081757327,0.002009663437,0.001496078779,0.09447638177,-0.00250623646,-0.002111234331,-0.01365948407
2023-12-26,461.7213745,55387000,405.2212219,22722500,151.580246,4053100,12.99,3.89,-0.37,1.64,75.84,118.8875,0.3282937597,-1.330223583,0.004222601411,0.006121766877,0.09351005706,0,-0.01442237466,-0.03003436663
2023-12-27,462.5561829,68000300,406.0460815,31980500,151.7242279,4380300,12.43,3.79,-0.41,1.64,74.31,118.4729,0.3280125389,-0.5166806843,0.001808034879,0.00203557853,0.09338004819,0,-0.01937000764,-0.03698663948
2023-12-28,462.7309265,77158100,405.8487244,27029200,152.0602112,4047000,12.47,3.84,-0.42,1.62,72.02,118.4104,0.3286147575,-0.03517280784,0.000377778222,-0.0004860462561,0.09296003806,0,-0.01839776342,-0.03537553733
2023-12-29,461.3912964,122283100,404.0923462,42662100,151.4746704,5339200,12.45,3.88,-0.35,1.61,71.89,118.4208,0.3282998002,1.673483344,-0.002895052071,-0.004327667104,0.09479532242,-0.002895052071,-0.001493696288,-0.01115940446
2024-01-02,458.8092041,123623700,397.2542114,58026900,151.5226593,9816500,13.2,3.95,-0.38,1.62,70.62,119.2686,0.3302520044,1.547498908,-0.005596317714,-0.01692220808,0.09765786991,-0.008475168154,0.002602522505,0.00784913775
2024-01-03,455.0622559,103585900,393.0506592,47002800,149.2860718,9207500,14.04,3.91,-0.42,1.66,72.97,119.6958,0.32805637,0.826649527,-0.008166680635,-0.01058151714,0.1008970317,-0.0165726348,0.01657454525,0.02553161291
2024-01-04,453.5964661,84232200,391.0278015,39432800,149.0364838,5621600,14.13,3.99,-0.39,1.65,72.38,119.6208,0.3285662365,0.0521408745,-0.003221075306,-0.005146557114,0.1021468476,-0.0197403284,0.01941016516,0.03298184942
2024-01-05,454.2177124,86118900,391.4916077,44922800,149.4684448,8379600,13.35,4.05,-0.35,1.65,74,119.388,0.3290678473,0.09365606666,0.001369601362,0.001186120656,0.1001331673,-0.01839776342,0.01872121956,0.03228727642
2024-01-08,460.7021179,74879100,399.5829163,42473800,151.0715027,7954000,13.08,4.01,-0.35,1.65,71.06,119.2506,0.3279157981,-0.4450710399,0.01427598559,0.02066789795,0.1078774431,-0.00438442403,0.000695336542,0.01128534216
2024-01-09,460.0032654,65931400,400.3723145,39132900,150.3035583,6419100,12.76,4.02,-0.34,1.63,72.43,119.6666,0.3267445465,-0.8565953702,-0.001516929295,0.001975555414,0.108194973,-0.005894702464,-0.003355450238,0.003598259067
2024-01-10,462.6047058,67310600,403.0858765,33962800,150.5627441,4620700,12.69,4.04,-0.33,1.59,71.57,119.7614,0.3254673855,-0.7921325685,0.005655265137,0.006777596536,0.1088505239,-0.0002727734324,-0.0001468470339,0.01099125566
2024-01-11,462.4008484,77940700,403.9246216,54536200,150.1307678,7070600,12.44,3.98,-0.28,1.63,72.15,119.8916,0.3246766704,-0.2834484948,-0.0004406730397,0.002080809987,0.1086001883,-0.0007133262682,0.01276383484,0.02889949547
2024-01-12,462.7212219,58026400,404.1318054,39595000,149.7948151,5568500,12.7,3.96,-0.18,1.64,72.94,119.534,0.3237258374,-1.238157511,0.0006928480695,0.0005129269839,0.09846496103,-2.097242542e-05,0.01420238907,0.02971487981
2024-01-16,461.0224609,85014900,404.0923462,43903000,148.8444824,6942300,13.84,4.07,-0.15,1.65,72.63,120.5759,0.3228573335,0.1906903539,-0.003671240708,-9.763950272e-05,0.0993253156,-0.003692136138,0.02090815623,0.03408872756
2024-01-17,458.4597473,68843900,401.8129578,54386000,147.6734009,5775000,14.79,4.1,-0.24,1.63,72.79,121.0402,0.3221076697,-0.5293171859,-0.005558760885,-0.0056407612,0.1014109616,-0.009230373322,0.02773728934,0.04572575152
2024-01-18,462.5367737,91856200,407.5162964,59562500,148.4317322,7267100,14.13,4.14,-0.2,1.62,74.32,120.8895,0.3209079594,0.6410473006,0.00889287749,0.01419401369,0.1042947497,-0.0004195804104,0.02421886984,0.03234958581
2024-01-19,468.3028564,110834500,415.5978394,70325100,149.5740509,8488600,13.3,4.15,-0.24,1.59,73.69,120.6442,0.3193959824,1.310882679,0.01246621478,0.01983121421,0.1110715281,0,0.01032267238,0.006244240291
2024-01-22,469.2929688,75844900,416.1405334,44880600,150.3611603,9964200,13.19,4.11,-0.26,1.59,75.26,120.6178,0.320399346,-0.2630202073,0.002114256386,0.001305815479,0.09661361052,0,0.01617533909,0.01522290879
2024-01-23,470.6615906,49945300,417.8673401,33003800,150.4379578,4785800,12.55,4.14,-0.17,1.62,74.72,121.1001,0.3196308362,-1.804257371,0.002916348459,0.004149575689,0.09223454607,0,0.0124368469,0.00429769869
2024-01-24,471.176178,81765000,420.1861572,46948000,149.6604156,5688000,13.14,4.18,-0.16,1.61,75.48,120.4916,0.3176315413,0.1351411566,0.001093327802,0.005549170553,0.09219663319,0,-0.005171151581,-0.02080638203
2024-01-25,473.7388916,72525000,420.6992798,44367200,151.1674957,5832000,13.45,4.14,-0.14,1.6,77.91,120.8311,0.3190945443,-0.4289077233,0.005438971117,0.001221179113,0.09281739012,0,0.002397401201,-0.01048429673
2024-01-26,473.1369934,76641600,418.1929321,37137000,151.186676,5997700,13.26,4.15,-0.19,1.58,78.45,120.6173,0.3195410169,-0.2206406817,-0.001270527297,-0.005957575343,0.09323700648,-0.001270527297,0.01423842343,0.01226970406
2024-01-29,476.8839417,61322800,422.4754028,38694700,152.1082153,4501700,13.6,4.08,-0.21,1.6,77.25,120.8538,0.3189627539,-1.101052088,0.007919372813,0.01024041865,0.0962066888,0,0.002605504369,0.0007008255179
2024-01-30,476.5151367,58618400,419.663208,36739000,152.1369934,7258200,13.31,4.06,-0.3,1.58,78.3,120.6025,0.319270012,-1.202302483,-0.0007733641237,-0.006656469952,0.09520341251,-0.0007733641237,0.006294618932,0.005384421392
2024-01-31,468.7396545,126011100,411.4436035,64010600,150.1883698,8928200,14.35,3.99,-0.28,1.61,76.28,120.4331,0.320408927,2.172219057,-0.01631738759,-0.01958619277,0.1121040762,-0.01707813243,0.03151912012,0.03602183444
2024-02-01,474.8746338,91891600,416.2885437,51008600,151.9354248,8008200,13.88,3.87,-0.33,1.63,74.36,120.3335,0.3199484959,0.8341564789,0.01308824459,0.01177546605,0.1141832749,-0.004213410614,0.01864261564,0.02586052885
2024-02-02,479.8737183,99228200,423.3240356,59602400,151.8010254,8128900,13.85,4.03,-0.33,1.59,72.72,120.902,0.3163353599,1.111438151,0.01052716679,0.0169005178,0.1160078607,0,0.01385665505,0.01874075171
2024-02-05,478.1264648,75757100,422.7714844,39889200,150.4955597,8633400,13.67,4.17,-0.29,1.56,73.21,121.349,0.3147609906,-0.04842197245,-0.003641069205,-0.001305267887,0.118195949,-0.003641069205,0.01711506705,0.0160811343
2024-02-06,479.5146179,55918600,421.9228516,35846100,151.4458618,6059000,13.06,4.09,-0.3,1.58,73.83,120.9588,0.315831585,-1.268555061,0.0029033178,-0.002007308543,0.1098905722,-0.000748322586,0.0002022563227,0.002245115716
2024-02-07,483.513916,70556500,426.2645569,37712700,152.0410309,6706000,12.83,4.09,-0.32,1.6,74.26,120.9049,0.3144501654,-0.3015715429,0.008340304855,0.01029028247,0.1112378042,0,0.0009437770674,0.002847112262
2024-02-08,483.7275391,52343600,427.0539856,29889900,152.3769836,4900200,12.79,4.15,-0.31,1.6,76.67,121.0798,0.3150058067,-1.439379572,0.0004418136475,0.00185196892,0.1108267174,0,0.007404870321,0.003974215549
2024-02-09,486.5231628,63979400,431.2574463,36943900,152.5593567,5055000,12.93,4.17,-0.31,1.59,77.26,121.039,0.313570593,-0.5847410025,0.005779335584,0.009842925801,0.1110169132,0,-0.003371765252,-0.01482658106
2024-02-12,486.3096313,56502300,429.5701294,33203300,153.5960541,6971900,13.93,4.17,-0.29,1.58,77.34,120.9378,0.3158400414,-1.070191195,-0.0004388927608,-0.003912551329,0.111342806,-0.0004388927608,-0.00842345034,-0.01842243272
2024-02-13,479.6116028,113099200,422.8701172,64491700,151.0426941,9741100,15.85,4.31,-0.33,1.54,78.28,121.5202,0.314927106,1.534870501,-0.01377317687,-0.01559701606,0.1238550879,-0.01420602468,0.006335171237,-0.006860264792
2024-02-14,483.9702454,68387800,427.4781799,45092700,152.4249725,11291300,14.38,4.27,-0.29,1.56,77.09,121.4002,0.314946991,-0.3446680478,0.009087858911,0.01089711133,0.1228961347,-0.005247268117,0.0179111363,0.01119541849
2024-02-15,487.3094788,61683000,428.7511902,38796100,154.3160095,5846600,14.01,4.24,-0.32,1.57,78.47,121.2121,0.316669419,-0.6585275881,0.006899666726,0.002977953762,0.1217710427,0,0.01163321478,0.005224238983
2024-02-16,484.8827209,75532900,424.8633728,53716500,153.6152802,5061200,14.24,4.3,-0.34,1.53,79.65,121.1505,0.3168091448,0.1859710033,-0.004979910957,-0.009067770473,0.1188102112,-0.004979910957,0.01297260426,0.01388845492
2024-02-20,482.2132263,71736700,421.6564026,53999500,153.2601166,6827700,15.42,4.27,-0.32,1.56,78.72,121.0199,0.3178264473,-0.01025993925,-0.005505443922,-0.007548238846,0.1215622887,-0.01045793826,0.02047248041,0.0240570255
2024-02-21,482.6500244,59293400,419.9691162,49779000,153.567276,4602900,15.34,4.32,-0.32,1.54,78.89,121.0379,0.3181752165,-0.8478771148,0.0009058194008,-0.004001567074,0.1214361899,-0.009561591861,0.0182015388,0.02269679254
2024-02-22,492.6387024,76402500,432.2639771,53887800,155.0935364,9128000,14.54,4.33,-0.36,1.49,79.64,121.102,0.3148220707,0.2337457362,0.02069548839,0.02927563091,0.1395990902,0,0.00114273962,0.002122853408
2024-02-23,492.9784546,61321800,430.9910889,39853900,155.5063019,6375200,13.75,4.26,-0.41,1.49,77.6,121.0369,0.3154423899,-0.6527066301,0.0006896579494,-0.002944701042,0.1391848501,0,0.00984535145,0.02021601227
2024-02-26,491.1729126,50386700,430.7640686,33043200,154.88237,5164000,13.74,4.28,-0.41,1.53,78.53,121.0592,0.3153316602,-1.320013038,-0.003662517044,-0.0005267400407,0.1401922488,-0.003662517044,0.01247058514,0.01711138931
2024-02-27,492.0853271,48854500,431.8002014,33713200,155.5639038,4362900,13.43,4.31,-0.39,1.53,79.8,120.9647,0.3161319699,-1.337404947,0.001857623919,0.002405337139,0.1383851818,-0.001811696704,0.0004932819635,-0.003542101128
2024-02-28,491.4349976,56506600,429.5010681,32938800,155.6215057,4296800,13.84,4.27,-0.37,1.55,79.44,121.128,0.3166675278,-0.7722211285,-0.001321578909,-0.005324530404,0.1385238233,-0.003130881313,0.006893724296,0.008086889404
2024-02-29,493.2016602,83924800,433.1816101,42495200,156.2646332,6298500,13.4,4.25,-0.39,1.55,79.22,121.1824,0.3168372003,0.9270310238,0.003594905952,0.008569343048,0.1213753333,0,0.01324601986,0.01469252693
2024-03-01,497.8320007,76844800,439.70401,43853000,157.358902,6389300,13.11,4.19,-0.35,1.57,80.9,121.0111,0.3160883626,0.6050340916,0.009388331286,0.01505696398,0.1177819106,0,-0.002203279,-0.01478870986
2024-03-04,497.2981262,49799300,438.1350403,34325700,157.6468964,5165000,13.49,4.22,-0.39,1.57,79.67,120.872,0.3170068175,-1.273084413,-0.001072398944,-0.003568240659,0.114297762,-0.001072398944,-0.001990983381,-0.01493152134
2024-03-05,492.328064,72855600,430.2707214,57917100,156.9269714,6260600,14.46,4.13,-0.41,1.59,79.11,120.8846,0.3187447211,0.5577440563,-0.009994130269,-0.01794953182,0.1203788706,-0.01105581152,0.01892831202,0.01745216418
2024-03-06,494.8228149,68382400,432.9743958,46234500,157.8197174,6041100,14.5,4.11,-0.44,1.57,80.08,120.4649,0.3189418771,0.2073862695,0.005067253239,0.006283658594,0.1209590679,-0.006044580876,0.01220202791,0.003327317561
2024-03-07,499.7346191,58652100,439.5461426,44526700,159.0580139,6407600,14.44,4.09,-0.41,1.59,79.81,120.1909,0.3182849613,-0.4938611108,0.009926389914,0.01517814192,0.1222553814,0,0.000272056018,-0.014165335
2024-03-08,496.7351379,86532500,433.201355,72096000,158.8756256,9114500,14.74,4.09,-0.39,1.59,78.96,119.975,0.3198397163,1.254694365,-0.006002148113,-0.01443486129,0.125224274,-0.006002148113,-0.0005980211239,-0.01161672071
2024-03-11,496.3080139,62557200,431.5930176,45860000,159.0771942,5503800,15.22,4.1,-0.41,1.59,78.87,120.0394,0.3205211074,-0.2927889202,-0.0008598627132,-0.003712678605,0.1243289971,-0.006856849803,0.00620684189,0.001528095576
2024-03-12,501.6470032,73114400,437.7798767,55300900,159.4899445,6357900,13.84,4.16,-0.42,1.55,78.51,120.1668,0.3179326169,0.3961859653,0.01075741094,0.01433493796,0.1288502447,0,0.001029932591,-0.01016565087
2024-03-13,500.8606567,55104100,434.4150391,37928700,159.5667572,4644000,13.75,4.19,-0.42,1.55,80.67,119.9642,0.3185851295,-0.9643485452,-0.001567529419,-0.007686140514,0.1162195699,-0.001567529419,0.01187500617,0.009328333045
2024-03-14,499.870575,110171800,433.3198242,52195200,158.1364899,7757600,14.4,4.29,-0.39,1.53,82.16,120.241,0.3163548682,2.424237043,-0.001976760949,-0.002521125526,0.1141338971,-0.003541191737,0.01722961858,0.01666790619
2024-03-15,496.4380798,107646300,428.1689758,73069800,157.8292847,7973400,14.41,4.31,-0.41,1.49,81.94,120.4003,0.3179234049,1.944404729,-0.006866767698,-0.01188694378,0.1161657435,-0.01038364289,0.02232124443,0.0300752496
2024-03-18,499.3885193,88893300,432.252533,47323800,158.2630768,4712600,14.33,4.34,-0.39,1.49,83.68,120.5752,0.3169137268,1.058639483,0.005943217438,0.009537255989,0.1152327305,-0.004502137703,0.01347350883,0.01664093133
2024-03-19,502.1636658,60755300,433.3295593,43004100,159.2076721,5789400,13.82,4.3,-0.38,1.5,84.39,120.9332,0.3170433924,-0.4939146144,0.005557089074,0.002491660048,0.1129817462,0,0.006011158136,0.01083064195
2024-03-20,506.8083801,69594600,438.4674072,43653500,160.566803,4925700,13.04,4.27,-0.32,1.56,82.79,120.9289,0.3168195501,0.0373321979,0.009249403476,0.01185667534,0.1157071101,0,0.005168452981,0.0023886217
2024-03-21,508.4831543,60256100,440.5423584,39345700,161.6656342,6010900,12.92,4.27,-0.35,1.53,81.99,120.8086,0.3179370502,-0.5160291718,0.00330455106,0.004732281437,0.093761788,0,0.001666188932,-0.004171673932
2024-03-22,507.5191956,79070800,441.0462646,28253900,160.6246185,3178700,13.06,4.22,-0.37,1.53,81.1,121.1842,0.3164897406,0.5659599624,-0.001895753541,0.001143831553,0.09454083737,-0.001895753541,0.001822506978,-0.003203594414
2024-03-25,506.1170349,48512100,439.4456177,27789200,160.2776031,2903700,13.19,4.25,-0.29,1.53,82.41,121.0295,0.3166809099,-1.44675655,-0.002762773619,-0.003629204238,0.09394488308,-0.004653289622,-0.001789086314,-0.008206806866
2024-03-26,505.182251,65463700,438.0227966,34142000,160.1233978,3669800,13.24,4.24,-0.32,1.53,82.41,121.0742,0.3169616461,-0.2874098844,-0.001846971888,-0.003237763645,0.0946838133,-0.006491667015,0.001156349969,-0.002751873441
2024-03-27,509.4277954,82999800,439.51474,41359200,162.6873627,5999200,12.78,4.2,-0.34,1.54,82.15,121.0089,0.3193531333,0.6722566502,0.008403985741,0.003406086101,0.09732661625,0,-0.01930553833,-0.02133402268
2024-03-28,509.3303833,96294900,438.7045593,36839600,163.2560577,3728100,13.01,4.2,-0.39,1.5,83.96,121.0635,0.3205307657,1.257990382,-0.0001912186776,-0.001843352658,0.09733738633,-0.0001912186776,-0.008870840273,-0.00797281703
2024-04-01,508.4441528,62477500,439.6333313,38729000,162.2921753,4757200,13.65,4.33,-0.39,1.49,84.54,121.5151,0.3191937097,-0.5458378612,-0.001739991365,0.00211707846,0.09351024619,-0.001930877324,-0.006587899258,-0.009776407661
2024-04-02,505.2115479,74230300,435.8391724,44259700,160.8944855,4598400,14.61,4.36,-0.34,1.51,85.95,121.3035,0.3184695325,0.1096629521,-0.006357836869,-0.00863028043,0.0969368886,-0.008276437989,0.0009251108985,0.002539145184
2024-04-03,505.7664185,59155800,436.8174133,39949800,161.0680389,4442700,14.33,4.36,-0.32,1.49,86.22,121.0198,0.3184632927,-0.8577944938,0.001098293592,0.002244499872,0.08814102264,-0.007187234356,-0.01018454525,-0.00843713123
2024-04-04,499.5930176,96858100,430.1381226,57267700,159.4293671,7150800,16.35,4.31,-0.34,1.51,87.37,120.7613,0.3191184854,1.21115144,-0.01220603159,-0.01529080702,0.09914898479,-0.01930553833,0.009608834437,0.02303961627
2024-04-05,504.8121948,74546500,435.2068481,54744600,160.3836212,5697000,16.03,4.39,-0.34,1.49,87.69,120.9646,0.3177094826,0.04107978649,0.01044685787,0.01178394874,0.09982033363,-0.00906036268,-0.01462087964,-0.004994650392
2024-04-08,505.094574,48401800,435.3352966,28144900,160.8752289,22497300,15.19,4.42,-0.36,1.46,87.24,120.7359,0.3185051616,-1.616916627,0.0005593746611,0.000295143532,0.09680194199,-0.008506056157,-0.02750985911,-0.02165226423
2024-04-09,505.6789246,68049200,436.9458313,39443600,161.5113831,5483600,14.98,4.36,-0.38,1.44,86.04,120.7048,0.3193951245,-0.2358712828,0.001156913212,0.003699526963,0.09659327712,-0.007358983713,-0.03040533221,-0.02516797051
2024-04-10,500.6154175,82652800,433.1319275,61502200,158.7642822,7550600,15.8,4.55,-0.42,1.4,86.98,121.5727,0.3171382196,0.5392090488,-0.01001328478,-0.008728550624,0.0967697768,-0.0172985809,-0.02639457562,-0.02858316082
2024-04-11,504.3935242,70099000,440.0483398,45474600,158.6486206,6831200,14.91,4.56,-0.37,1.41,85.79,121.6081,0.3145334208,-0.1934330948,0.007546924361,0.01596837341,0.1002633569,-0.009882207617,-0.03567565206,-0.04930738256
2024-04-12,497.4313965,92561100,433.0331421,53665000,156.1328125,6567600,17.31,4.5,-0.38,1.45,86.46,122.2885,0.3138780817,1.086170824,-0.01380296802,-0.01594187983,0.112032599,-0.02354877185,-0.03071356809,-0.0538937238
2024-04-15,491.1994934,92101400,425.9093018,63453600,154.7833862,9546700,19.23,4.63,-0.3,1.46,86.21,122.425,0.315113082,1.162122024,-0.01252816593,-0.01645102797,0.1181237018,-0.03578191486,-0.009376523124,-0.02839498671
2024-04-16,490.3035889,73484000,425.9487915,47619000,153.9254913,7389600,18.4,4.67,-0.3,1.46,86.15,123.1234,0.3139391488,0.1356893883,-0.001823911777,9.271867492e-05,0.1156936492,-0.03754056358,0.004210311941,-0.01398747196
2024-04-17,487.401886,75910300,420.7516479,56880500,153.6074219,8056700,18.21,4.59,-0.34,1.48,83.58,123.0207,0.3151555755,0.2441314649,-0.005918175895,-0.01220133419,0.1143723999,-0.04323656782,0.009709360952,0.001573417063
2024-04-18,486.3989563,74548100,418.350708,46549400,153.4628296,6683000,18,4.64,-0.34,1.47,83.5,123.0017,0.3155081392,0.1369926037,-0.0020577058,-0.005706311438,0.1071355147,-0.04520530548,0.007947637646,0.002456210432
2024-04-19,482.1535034,102212600,409.6953735,75231000,154.041153,8816300,18.71,4.62,-0.35,1.46,83.79,123.1075,0.3194857071,1.509657957,-0.008728334685,-0.02068918328,0.1076996116,-0.05353907313,0.02645613963,0.03943083962
2024-04-22,486.59375,67961000,413.8156128,47807700,155.2171326,4775500,16.94,4.62,-0.35,1.46,83.82,123.0609,0.3189871069,-0.3987918595,0.009209196969,0.01005683619,0.1156296762,-0.04482292803,0.02069138442,0.03325995527
2024-04-23,492.3679199,64633600,419.9908447,44384700,156.59552,3998000,15.69,4.61,-0.25,1.46,84.17,122.7227,0.3180457412,-0.7864183976,0.01186651066,0.01492266542,0.125702061,-0.03348830912,-0.007257942153,-0.001129175005
2024-04-24,492.1342468,55928100,421.4136658,48440300,156.817215,4164000,15.97,4.65,-0.24,1.48,84.09,122.89,0.3186472309,-1.442422197,-0.0004745904155,0.003387743002,0.1257239587,-0.03394700631,-0.01001168591,-0.01169957049
2024-04-25,490.264679,69122400,419.3782654,57392200,156.489502,7408300,15.37,4.7,-0.26,1.47,84.92,122.8384,0.3191939144,-0.3266668598,-0.003798898132,-0.00482993447,0.1206185888,-0.03761694322,0.003058575874,0.005772007032
2024-04-26,494.9094238,64306100,425.8500061,41874900,156.5665894,5649500,15.03,4.67,-0.29,1.45,85.38,122.9471,0.3163540273,-0.6175400527,0.009473953708,0.01543175042,0.1271253919,-0.02849937069,0.005961389617,0.0103944654
2024-04-29,496.6620483,46415400,427.5791016,30022200,157.6557922,3882800,14.67,4.63,-0.34,1.45,84.26,122.5449,0.3174307213,-2.028512398,0.003541303575,0.004060339167,0.128317257,-0.02505899204,0.01276324575,0.01733099173
2024-04-30,488.794342,77483600,419.5166016,43665900,155.3809814,4935800,15.65,4.69,-0.35,1.44,83.49,122.9853,0.3178862112,0.3920273792,-0.01584116669,-0.01885616011,0.1375170377,-0.04050319507,0.03020045249,0.03704752843
2024-05-01,487.2071533,80242800,416.4833069,52251700,154.8508453,9285200,15.39,4.63,-0.33,1.43,80.7,123.0168,0.3178336859,0.4929764967,-0.003247150354,-0.007230452064,0.1372448087,-0.04361882545,0.03365634805,0.04398371109
2024-05-02,491.7641907,62550200,421.7989197,36559000,155.8050995,5677900,14.68,4.58,-0.29,1.47,80.59,122.4384,0.3168288835,-0.6269819309,0.009353387614,0.01276308727,0.1369667165,-0.03467342162,0.02997841211,0.03307577097
2024-05-03,497.8597717,72756700,430.2764893,48515300,156.9135895,9751400,13.49,4.5,-0.31,1.49,79.65,122.1375,0.3151762773,0.1398276597,0.01239533331,0.0200986043,0.1392359293,-0.02270787693,0.01867846309,0.01510975722
2024-05-06,503.0010681,47264700,434.9894714,30227200,158.1184845,4928700,13.49,4.49,-0.33,1.47,80.1,121.8913,0.3143501963,-2.002600238,0.01032679618,0.01095338066,0.144581327,-0.01261558037,0.008401659497,0.006428069555
2024-05-07,503.5561523,52561300,435.0586548,30996100,158.5618439,4511200,13.23,4.47,-0.35,1.45,79.97,122.093,0.3148841358,-1.339211445,0.001103544831,0.0001590460325,0.1445749635,-0.0115259574,0.01191155822,0.01274073895
2024-05-08,503.6047668,42047200,434.8017883,24896700,158.5233002,3346100,13,4.48,-0.36,1.47,80.57,122.1926,0.3147772035,-2.005797946,9.654236519e-05,-0.0005904179868,0.1398221888,-0.01143052777,0.02434323442,0.02917771678
2024-05-09,506.5065002,43643700,435.7502441,24580100,159.8535004,3413000,12.69,4.45,-0.35,1.48,80.86,122.1634,0.3156000965,-1.61684907,0.005761925997,0.002181352138,0.1387403777,-0.005734463632,0.01637932411,0.02485162477
2024-05-10,507.1590271,52233200,436.7778625,27116600,160.1137695,3425000,12.55,4.5,-0.37,1.48,79.81,122.014,0.3157072259,-0.8255961691,0.001288289203,0.002358273855,0.128431792,-0.004453562077,0.0165308278,0.02194267784
2024-05-13,507.2271118,36716400,437.785614,22994200,160.0751953,2514400,13.6,4.48,-0.37,1.48,80.71,122.0261,0.3155887995,-1.958397178,0.0001342472739,0.00230724025,0.1181992065,-0.004319912682,0.01756532079,0.02669950609
2024-05-14,509.5542908,57535900,440.6016235,34478300,160.7113647,5446900,13.42,4.45,-0.36,1.48,79.62,121.9256,0.3153959601,-0.1888739161,0.004588041335,0.006432393919,0.1179029183,0,0.01540227854,0.02213347422
2024-05-15,515.8641357,59504900,447.4883118,41464700,161.9933319,5739400,12.45,4.36,-0.37,1.49,80.23,121.3543,0.3140232489,-0.01083110306,0.01238306709,0.01563019259,0.1195817365,0,9.441643897e-05,0.006204470932
2024-05-16,514.8027344,50244800,446.5793457,34780400,161.7330627,4779400,12.42,4.38,-0.4,1.47,80.85,121.2236,0.3141651199,-0.6124903738,-0.002057521145,-0.002031262137,0.1195816356,-0.002057521145,-0.005163655868,0.003716811111
2024-05-17,515.5427856,59187600,446.3619385,35803700,161.9740601,3461400,11.99,4.42,-0.41,1.48,81.66,121.2354,0.3141816054,0.1846767177,0.001437543393,-0.000486827769,0.111689814,-0.0006229355278,-1.882402414e-05,0.01370194747
2024-05-20,516.1367188,37764200,449.4742737,24474200,161.8391266,3756300,12.15,4.44,-0.38,1.47,81.39,121.2289,0.3135586381,-1.689691147,0.001152053956,0.006972671585,0.1097546607,0,-0.0004715963703,0.01048574748
2024-05-21,517.4025879,33437000,450.3536682,23167700,161.7716522,3751200,11.86,4.41,-0.41,1.48,80.66,121.3793,0.3126610806,-1.890915292,0.002452584935,0.001956495806,0.1046047505,0,-0.00989911201,0.001404061437
2024-05-22,515.9128418,48390000,450.26474,25120000,161.1547699,2841500,12.29,4.43,-0.43,1.46,79.15,121.5462,0.312368208,-0.3727460123,-0.002879278397,-0.0001974630805,0.1058535608,-0.002879278397,-0.01362704011,-0.009128676265
2024-05-23,512.1444702,57211200,448.2391968,40899200,158.8992462,5841400,12.77,4.47,-0.44,1.45,77.47,121.7477,0.310262544,0.3471120976,-0.007304279477,-0.004498560587,0.1092458036,-0.01016252682,0.002680618164,-0.006502562449
2024-05-24,515.5330811,41291100,452.4779663,29669500,159.9499054,3252000,11.93,4.46,-0.47,1.46,78.48,121.6172,0.3102611865,-0.9048994784,0.006616513576,0.00945649011,0.1071764017,-0.00361325374,-0.003097853382,-0.01052519903
2024-05-28,515.8933105,36269600,454.1873474,26216800,158.8414001,4160000,12.92,4.54,-0.4,1.45,80.9,121.43,0.3078958321,-1.32508768,0.0006987514583,0.003777821752,0.107132069,-0.002917027048,-0.002680186778,-0.01155151403
2024-05-29,512.2807617,45190300,450.9859924,29739200,156.9810791,6843200,14.28,4.61,-0.35,1.47,80.24,122.1641,0.3064356322,-0.3841172484,-0.007002511477,-0.007048534044,0.09108617772,-0.00989911201,0.01628971902,0.01553325305
2024-05-30,508.8824768,46377600,446.1544189,30536800,157.7040253,5335500,14.47,4.55,-0.37,1.46,78.96,121.9601,0.3099026444,-0.1797114722,-0.006633637579,-0.010713356,0.09457974427,-0.01646708247,0.02305712705,0.02617659266
2024-05-31,513.517334,90785800,445.3244934,55941300,159.7956543,4335200,12.92,4.51,-0.38,1.46,77.97,122.098,0.3111786959,2.521300673,0.009107912709,-0.00186017554,0.09433704905,-0.007509150509,0.01259088404,0.02717929815
2024-06-03,513.9360352,46835700,447.7155457,32997500,158.9474182,6125400,13.11,4.41,-0.41,1.47,75.26,122.3509,0.30927471,-0.1053420623,0.0008153593738,0.005369235875,0.08632620134,-0.006699913792,0.01489217522,0.02582050548
2024-06-04,514.5106201,34632700,448.9407959,23767400,158.4654541,5446500,13.16,4.33,-0.44,1.49,74.27,122.7256,0.3079925815,-1.305636637,0.001118008705,0.00273667121,0.07993763254,-0.005589395649,0.01620002131,0.03004148219
2024-06-05,520.6256714,47610400,457.991272,33817400,159.4293671,5788700,12.63,4.29,-0.43,1.53,75.08,122.5339,0.3062264806,0.05540978539,0.01188517988,0.0201596205,0.08856164926,0,0.01251229348,0.02291120855
2024-06-06,520.6158447,30808500,457.8332214,21966800,159.1209106,6251200,12.58,4.28,-0.44,1.5,76.52,122.3713,0.3056397769,-1.604006712,-1.887471305e-05,-0.0003450950854,0.08859001334,-1.887471305e-05,0.01457014667,0.02881062271
2024-06-07,519.9829712,43224500,457.4281006,25829700,158.6197052,2865700,12.22,4.43,-0.44,1.46,76.53,123.549,0.3050478842,-0.2662276119,-0.001215624806,-0.0008848655594,0.08778151463,-0.001234476574,0.01642310299,0.03505709919
2024-06-10,521.5896606,35686100,459.2757874,20660800,159.0438232,5769700,12.74,4.47,-0.4,1.46,78.75,123.9125,0.3049213496,-0.9297476489,0.003089888597,0.004039294405,0.08800329086,0,0.02135687727,0.04352123775
2024-06-11,522.8457031,36383400,462.4276428,22053300,158.3883667,4772800,12.85,4.39,-0.42,1.48,78.88,124.0349,0.3029351982,-0.8517340997,0.002408104637,0.006862664124,0.08793333842,0,0.02149176588,0.03672924706
2024-06-12,527.1398926,63251300,468.4844055,34532600,159.236618,8818900,12.04,4.31,-0.44,1.48,79.56,123.8295,0.302076584,1.241949969,0.008213110345,0.01309775224,0.09050807763,0,0.01041826354,0.01543823952
2024-06-13,528.2012939,44760900,471.0236816,25859000,158.7835388,7385200,11.94,4.24,-0.44,1.51,79.61,124.0235,0.3006117945,-0.01400358229,0.002013509852,0.005420193486,0.08131220343,0,0.007036127593,0.00725789439
2024-06-14,528.5227051,40089900,473.4642029,23372600,157.7714539,4557100,12.66,4.2,-0.47,1.53,79.41,124.1694,0.2985140512,-0.4000301792,0.000608501222,0.005181313245,0.08044392448,0,0.00315209654,-0.009342178836
2024-06-17,532.729187,55839500,479.2640381,37054500,158.9185486,4265800,12.75,4.28,-0.47,1.52,81.33,124.239,0.2983101967,0.9155159164,0.007958942716,0.01224978609,0.08382130622,0,-0.0009365009077,-0.01013905293
2024-06-18,534.0825806,41376400,479.412262,24438600,159.3137054,6283800,12.3,4.22,-0.47,1.52,82.67,123.9776,0.2982941426,-0.289255564,0.002540490718,0.0003092739392,0.08385586812,0,-0.00222423889,-0.008401604112
2024-06-20,532.6317749,70328200,475.71698,33918700,159.4100952,5806800,13.28,4.25,-0.45,1.54,83.34,124.192,0.2992876181,1.610351845,-0.002716444454,-0.007707942153,0.08525557925,-0.002716444454,0.002070785786,0.001880577823
2024-06-21,531.9177856,64338600,474.4423218,37456800,159.6125183,3996200,13.2,4.25,-0.45,1.55,81.71,124.1086,0.3000699029,1.169230397,-0.001340493173,-0.002679446513,0.08438610884,-0.004053296252,-0.0005328779621,-0.0006423943201
2024-06-24,530.1886597,45528700,469.0410156,37751000,160.3799591,7588700,13.33,4.25,-0.46,1.53,82.63,123.7125,0.3024960194,-0.06338055668,-0.003250739162,-0.01138453697,0.07985508663,-0.007290859204,0.004790360706,0.01679465145
2024-06-25,532.2302856,37936200,474.4047546,29014700,159.2766876,4349100,12.84,4.23,-0.42,1.55,81.97,123.9417,0.2992627288,-0.7228059509,0.003850753763,0.01143554366,0.07820359424,-0.003468180744,0.007672308714,0.01585386447
2024-06-26,532.8946533,38550600,475.3844299,22737100,158.676712,3995900,12.55,4.32,-0.39,1.55,82.19,124.26,0.2977637532,-0.680955691,0.001248271084,0.00206506213,0.07814329692,-0.00222423889,0.01090718005,0.02221218346
2024-06-27,533.7347412,35041500,476.6116028,26222100,158.8702393,3430700,12.24,4.29,-0.41,1.55,83.04,124.3379,0.2976576696,-0.9645748622,0.001576461474,0.002581432572,0.07119216534,-0.0006512838428,0.0151361223,0.0302111546
2024-06-28,531.6343384,76144500,474.1375427,34881600,158.9863739,4761000,12.44,4.36,-0.35,1.55,82.83,124.2103,0.2990521161,1.635277379,-0.003935293452,-0.005190935437,0.06736163708,-0.004584014302,0.02032284318,0.03804972266
2024-07-01,532.7284546,40297800,476.918396,24898300,157.699234,6813100,12.22,4.48,-0.29,1.55,84.7,124.4667,0.2960217962,-0.4290904103,0.002058023969,0.005865077158,0.06222208651,-0.002535424344,0.01921754291,0.03288924473
2024-07-02,536.3137207,40434800,481.9259033,26723600,158.4056854,3692900,12.03,4.43,-0.31,1.56,84.09,124.2917,0.295360121,-0.3855906078,0.006730006784,0.01049971518,0.06442650317,0,0.02242196508,0.03281441674
2024-07-03,538.7070312,32789900,485.9437561,18064900,158.4734497,2745100,12.09,4.36,-0.35,1.53,85.19,123.7768,0.2941737169,-1.180590131,0.004462519705,0.008337075794,0.06481473296,0,0.009102922942,0.001812363624
2024-07-05,541.8134155,41488400,491.0105896,28495900,158.4056854,3950800,12.48,4.28,-0.32,1.56,84.44,123.4762,0.2923620584,-0.2443608552,0.005766370396,0.01042679,0.05584152158,0,0.009645974444,-0.00270071634
2024-07-08,542.4386597,36110500,492.1783447,22109400,158.7153931,4654500,12.37,4.28,-0.34,1.54,83.63,123.3576,0.2925960203,-0.842537871,0.001153984236,0.002378268721,0.05543215424,0,0.01125559294,-0.002392653633
2024-07-09,542.9661865,27289700,492.6038818,25614500,158.4444122,4267800,12.51,4.3,-0.32,1.56,82.78,123.4071,0.2918126693,-1.715311874,0.000972509695,0.0008645994159,0.05424818025,0,0.01626401563,-0.002872755712
2024-07-10,548.3389282,38701200,497.7400208,28046900,159.7509155,5327600,12.85,4.28,-0.34,1.56,83.39,123.1895,0.291336083,-0.4512792359,0.00989516812,0.01042650922,0.0607649154,0,-0.007802996109,-0.04213061417
2024-07-11,543.6108398,53054200,486.8244629,49966600,161.6767883,10924400,12.92,4.2,-0.3,1.58,83.92,122.769,0.2974127381,0.648951709,-0.008622565599,-0.02193023949,0.07249486028,-0.008622565599,-0.006864521721,-0.02528800928
2024-07-12,547.0397339,53084400,489.6845093,37109400,163.099411,11488500,12.46,4.18,-0.27,1.58,83.49,122.4404,0.2981491122,0.7080610305,0.006307626323,0.005874902772,0.07060555625,-0.002369327197,-0.0196430785,-0.03957003068
2024-07-15,548.5441284,40584300,491.0007324,31151400,163.2833099,5139500,13.12,4.23,-0.21,1.58,83.22,122.6347,0.2976666807,-0.3045730315,0.002750064462,0.00268790031,0.07067463272,0,-0.012252114,-0.02787462726
2024-07-16,551.7969971,36475300,491.1887512,25950600,166.1769562,9921100,13.19,4.17,-0.26,1.56,81.92,122.7264,0.3011559633,-0.6889572134,0.005930003593,0.0003829297726,0.07189789762,0,-0.01961531051,-0.03167184552
2024-07-17,544.0602417,57119000,476.769928,56268800,165.4995117,12609800,14.48,4.16,-0.26,1.56,84.16,122.518,0.3041933577,1.005325589,-0.01402101753,-0.02935495409,0.08876654364,-0.01402101753,-0.02820779676,-0.03817171791
2024-07-18,539.8792114,56270400,474.5136414,49347400,164.0768585,8887600,15.93,4.2,-0.26,1.57,84.17,122.7909,0.3039140146,0.8727313761,-0.007684866404,-0.004732443237,0.09379483425,-0.02159813429,-0.02578441788,-0.04425545456
2024-07-19,536.2941895,65509100,470.3076782,42042900,162.9736176,5683900,16.52,4.25,-0.24,1.57,81.43,123.147,0.3038884641,1.481686077,-0.006640414924,-0.008863734924,0.09660309307,-0.02809512864,-0.008288147329,-0.02581850079
2024-07-22,541.8233032,43346700,477.31427,40300000,164.2607422,8973100,14.91,4.26,-0.24,1.58,81.25,123.2172,0.3031629338,-0.008274456793,0.01030985209,0.01489788945,0.1025511692,-0.01807493317,-0.01783100658,-0.03819052348
2024-07-23,540.9733276,34439600,475.631897,23282500,163.6800995,5344300,14.72,4.25,-0.15,1.59,78.24,123.3843,0.3025659328,-0.8589273001,-0.001568732059,-0.003524665304,0.1018100336,-0.01961531051,-0.02127208276,-0.04804213607
2024-07-24,528.713501,74515300,458.5708008,58818600,161.7638702,8067000,18.04,4.28,-0.09,1.65,78.78,123.5575,0.3059575175,1.853880188,-0.02266253442,-0.03587037854,0.1312879225,-0.04183331228,0.01770043597,0.01659553875
2024-07-25,525.9587402,61158300,453.5138245,59256800,161.9574738,10680400,18.46,4.27,-0.14,1.62,79.43,123.5286,0.3079280966,1.041774663,-0.005210309056,-0.01102768931,0.1322764912,-0.04682565685,0.008543967559,0.003033226943
2024-07-26,531.8493042,53763800,458.1650391,39992100,164.2704315,7472300,16.39,4.2,-0.16,1.65,78.58,123.672,0.308866497,0.5266015033,0.01119966932,0.01025594888,0.1386543084,-0.03615041941,-0.02119598766,-0.03071473599
2024-07-29,532.1620483,39515800,459.0853882,28218500,164.4930267,5737800,16.6,4.17,-0.19,1.66,77.27,124.1392,0.3091032652,-0.4860093437,0.0005880314934,0.002008772042,0.1379401766,-0.0355836455,-0.05026096627,-0.06150029482
2024-07-30,529.4656982,46853600,452.7815247,41317200,165.2865906,7333100,17.69,4.15,-0.2,1.65,76.17,124.2855,0.3121762016,0.1421490881,-0.005066783898,-0.01373135301,0.1389040667,-0.04047013475,-0.03662352391,-0.03934164805
2024-07-31,538.0719604,65663400,466.1810303,44552100,166.0705109,9957500,16.36,4.09,-0.2,1.68,79.36,123.6373,0.3086399647,1.296782977,0.01625461713,0.02959375523,0.1490171292,-0.02487334417,-0.05836868948,-0.07705864562
2024-08-01,530.4525146,76428700,454.8894348,56653900,164.2220612,10567900,18.59,3.99,-0.17,1.71,77.74,123.8693,0.3095886184,1.645610118,-0.0141606446,-0.02422148205,0.1564389961,-0.03868176618,-0.02276222556,-0.02521431734
2024-08-02,520.5762329,82789100,444.0926208,66323200,161.3961334,11666300,23.39,3.8,-0.08,1.8,74.99,123.4681,0.3100336189,1.675363224,-0.01861859726,-0.02373502908,0.1666320286,-0.05658016322,0.0001688333417,0.003699347177
2024-08-05,505.4150696,146267400,430.8515015,87483500,157.5830994,13747600,38.57,3.78,-0.11,1.85,74.46,123.5787,0.3117894753,2.67562549,-0.02912381006,-0.02981612115,0.1919073891,-0.08405614336,0.03071260526,0.03677339412
2024-08-06,510.0747986,84826300,434.9683533,63164400,159.1992645,8774600,27.71,3.9,-0.09,1.78,74.6,123.6532,0.3121096454,1.140523555,0.009219608366,0.009555152512,0.1966082674,-0.07561149971,0.0380924979,0.05244227496
2024-08-07,506.6654053,70698300,430.2577515,54929200,158.0766907,5938500,27.85,3.96,-0.04,1.8,76.68,123.5698,0.3119942452,0.5526678887,-0.006684104606,-0.01082975755,0.1908578525,-0.08179020915,0.04837477832,0.06430975199
2024-08-08,518.3782349,63276600,443.4197083,47890100,160.9412689,6628600,23.79,3.99,-0.05,1.78,77.64,123.4466,0.3104707299,0.2050937285,0.02311748438,0.03059086499,0.2124225918,-0.06056350865,0.04225001704,0.05880780128
2024-08-09,520.6641235,45619600,445.7354736,33574000,161.2799988,3650000,20.37,3.94,-0.11,1.77,78.28,122.9276,0.3097582328,-0.7158333137,0.004409692611,0.005222513429,0.2115088272,-0.0564208825,0.04000065177,0.05466114286
2024-08-12,520.9376831,42542100,446.6953735,27795000,160.5057983,5633600,20.71,3.9,-0.11,1.78,81.45,123.2204,0.3081094026,-0.9298982316,0.0005254050701,0.002153519204,0.21093938,-0.05592512125,0.04939342426,0.06621897979
2024-08-13,529.5048218,52333100,457.7790833,40084500,162.3348694,4208300,18.12,3.85,-0.08,1.8,79.81,123.0146,0.3065786424,-0.4025611402,0.01644561135,0.0248126808,0.2196328828,-0.04039923271,0.03073584905,0.03822044658
2024-08-14,531.1752319,42446900,457.9275208,34733700,162.6736145,4156200,16.19,3.83,-0.11,1.74,78.47,122.4297,0.3062522586,-0.9692334473,0.003154664675,0.0003242557501,0.2155562064,-0.03737201407,0.03102527642,0.04272477405
2024-08-15,540.2797241,60846800,469.4962463,38280600,164.880127,6926700,15.23,3.92,-0.16,1.68,79.66,122.5844,0.3051754852,0.08746488446,0.01714027997,0.02526322412,0.2233828558,-0.02087230088,0.005695585704,0.0009063695667
2024-08-16,541.4910278,44430700,470.099884,38383600,165.2769012,3454700,14.8,3.89,-0.17,1.69,78.05,122.3972,0.3052255582,-0.7767028934,0.00224199365,0.001285713571,0.2220325078,-0.0186771028,0.01410775211,0.01046251378
2024-08-19,546.6685791,39121800,476.2750854,23737700,166.5350494,5580000,14.65,3.86,-0.2,1.68,75.82,121.8788,0.3046362198,-1.116570539,0.009561656617,0.01313593478,0.221612935,-0.009294030225,0.002108385107,-0.01232140388
2024-08-20,545.7796021,33732300,475.2756042,29209300,165.8769073,5054900,15.88,3.82,-0.17,1.69,75.27,121.7728,0.3039265424,-1.533229589,-0.001626171843,-0.002098537655,0.2216202714,-0.01090508838,0.0051189587,-0.00728760958
2024-08-21,547.6550903,41514600,477.4923706,25658800,167.0382996,4594900,16.27,3.79,-0.13,1.69,72.76,121.8535,0.3050063854,-0.8499753459,0.003436347335,0.0046641703,0.2040540033,-0.007506214714,-0.004138293356,-0.02310879067
2024-08-22,543.3569336,56121500,469.9217834,37739600,166.5640411,3817200,17.55,3.86,-0.13,1.7,73.72,122.3626,0.3065462698,0.0221681737,-0.007848291405,-0.01585488612,0.2054728386,-0.01529559516,0.003829209333,-0.00882384056
2024-08-23,549.130249,50639400,475.0183105,36061500,168.6834869,6000300,15.86,3.81,-0.09,1.7,75.82,121.4597,0.3071830176,-0.2625442478,0.0106252724,0.01084547957,0.2051307595,-0.004832842623,0.002757490038,-0.00777088928
2024-08-26,547.821167,35788600,470.4067078,27452600,168.6544647,7487600,16.15,3.82,-0.09,1.7,78.4,121.6943,0.3078640894,-1.218694765,-0.002383918995,-0.009708263199,0.2056112171,-0.007205240513,-0.01553149896,-0.02846391792
2024-08-27,548.5734253,32693900,471.8119812,27510000,168.7319031,3560300,15.43,3.83,0,1.71,76.5,121.8672,0.3075830788,-1.355758193,0.001373182247,0.002987358416,0.2041358415,-0.005841952375,-0.01889377711,-0.03387449237
2024-08-28,545.3887329,41066000,466.4580994,37372400,168.267334,3964500,17.11,3.84,0.01,1.71,75.49,121.8943,0.3085273381,-0.6789869175,-0.005805407692,-0.01134749021,0.1984332676,-0.01161344515,-0.01556495784,-0.02187335356
2024-08-29,545.437561,38715200,465.7752686,41081500,168.8964081,5095000,15.65,3.87,0,1.69,76.9,122.2333,0.3096530568,-0.7536023172,8.952903141e-05,-0.001463863124,0.1905206405,-0.01152495586,-0.03221973292,-0.0466791076
2024-08-30,550.6444702,62700100,471.3269958,33466500,170.2029114,4635800,15,3.91,0,1.69,74.52,122.3262,0.3090976494,0.6035355001,0.009546297416,0.01191932606,0.1768908826,-0.0020886791,-0.03063826023,-0.04579329925
2024-09-03,539.3126831,60600100,457.0170898,44985200,168.0157166,6616300,20.72,3.84,-0.04,1.73,71.28,122.7811,0.3115367426,0.8649691952,-0.0205791354,-0.03036088773,0.1579825261,-0.02262483129,-0.005959417159,-0.006820991249
2024-09-04,538.2088013,47224900,455.8295898,32505100,167.7737732,10109400,21.32,3.77,0.01,1.73,70.11,122.5144,0.3117261791,0.02581274205,-0.002046830847,-0.002598371103,0.1574424183,-0.02462535293,0.006298130883,0.01739000727
2024-09-05,536.8997803,44264300,456.2550964,34452400,166.7479401,6015500,19.9,3.73,-0.02,1.73,70.09,122.4533,0.3105755416,-0.1743793233,-0.002432180583,0.0009334773373,0.1547694549,-0.02699764021,0.01724832167,0.02641852981
2024-09-06,527.8637085,68493800,444.0332947,50624400,164.95755,9197200,22.38,3.72,0.06,1.73,68.58,122.4991,0.3125002674,1.882670308,-0.01683009029,-0.02678721148,0.1506226045,-0.04337335778,0.04006581936,0.0593951251
2024-09-09,533.7736816,40445800,449.7433777,32981200,166.5543976,6402300,19.45,3.7,0.02,1.73,69.65,122.7156,0.3120318654,-0.5809045429,0.01119602096,0.012859583,0.154564784,-0.03266294584,0.03006912932,0.04132381809
2024-09-10,536.0986938,36394600,453.8997803,29680300,166.6511688,4356800,19.08,3.65,0.06,1.74,66.73,123.0071,0.3108591212,-1.013285485,0.004355801507,0.009241720488,0.1549113659,-0.02844941764,0.02602089546,0.03233338631
2024-09-11,541.5985107,75248600,463.7564697,57843000,166.7286072,7108100,17.69,3.65,0.03,1.75,68.25,122.7754,0.3078453945,1.99130514,0.01025896343,0.02171556339,0.1484045831,-0.01848231575,0.01258988793,0.006017620522
2024-09-12,546.1604004,51819600,468.3086853,40067800,167.7641144,5460300,17.07,3.68,0.04,1.74,69.89,122.4423,0.3071700443,0.4239232291,0.008423009957,0.009815961336,0.1505018275,-0.01021498252,0.02126696357,0.02142766051
2024-09-13,549.0130005,39310500,470.4067078,29111800,169.3706055,5248100,16.56,3.66,0.09,1.72,69.59,121.6551,0.3085001727,-0.6290847864,0.005223007922,0.004479999041,0.1395544247,-0.005045327533,0.01420417877,0.01493666233
2024-09-16,549.8237915,36656100,468.3284912,22585600,170.5997009,4845200,17.14,3.63,0.07,1.7,71.1,121.4976,0.3102806819,-0.86285951,0.001476815695,-0.004417914367,0.1394788038,-0.003575962858,0.01523925734,0.02214263242
2024-09-17,550.0484619,49321000,468.5758972,30084400,170.8512878,5489300,17.61,3.65,0.06,1.68,72.16,121.6031,0.3106113364,0.3060107327,0.000408622569,0.0005282745135,0.1355832247,-0.003168801508,0.01772826302,0.02653075247
2024-09-18,548.4171753,59044900,466.5471802,39909200,170.5319672,9390000,18.23,3.7,0.09,1.67,71.87,121.5618,0.3109530023,0.9513101406,-0.002965714358,-0.004329537761,0.1359242152,-0.006125118106,0.01850429153,0.03195034111
2024-09-19,557.7755737,75315500,478.3434448,52782500,172.3513641,7678100,16.33,3.73,0.14,1.67,72.86,121.3059,0.3089976906,1.707065928,0.01706437883,0.02528418379,0.1481821575,0,0.005386057704,0.0140637339
2024-09-20,556.8112793,77503100,477.4330139,34577700,171.7223053,5392000,16.15,3.73,0.18,1.67,72.72,121.4052,0.3084030652,1.634900272,-0.001728821553,-0.001903299644,0.14491509,-0.001728821553,0.005666683767,0.01035148079
2024-09-23,558.2026978,44116900,478.6985168,24843000,172.6015778,5866400,15.89,3.75,0.18,1.65,71.33,121.4303,0.3092095012,-0.3755091774,0.002498904941,0.002650639761,0.1407636295,0,0.007179742199,0.01041317563
2024-09-24,559.7998657,46805700,481.0075684,25952600,172.8542175,6316200,15.39,3.74,0.25,1.66,72.34,121.1291,0.3087785977,-0.2183438109,0.00286126881,0.004823602816,0.1403926874,0,-0.004690920315,-0.008447208847
2024-09-25,558.5652466,38428600,481.4535217,26549900,171.7854614,4614900,15.41,3.79,0.26,1.65,70.42,121.4447,0.3075477081,-1.026451912,-0.002205465232,0.0009271233936,0.140880724,-0.002205465232,-0.002069926427,-0.007965825126
2024-09-26,560.7797852,48336000,485.0707397,32020200,173.2233887,6061500,15.37,3.79,0.19,1.65,68.28,121.0785,0.3088973484,-0.1683377197,0.003964690943,0.007513119864,0.1389309944,0,-0.007828084498,-0.01609910362
2024-09-27,559.9665527,42100900,482.3751526,22851100,173.8451996,5693800,16.96,3.75,0.2,1.66,68.72,121.1111,0.3104563991,-0.7424368501,-0.001450181414,-0.005557101135,0.1392350461,-0.001450181414,0.002642217139,0.001171102793
2024-09-30,562.2104492,63557400,483.6832886,30281100,174.0686951,5068500,16.73,3.81,0.15,1.63,68.75,121.2864,0.3096148343,0.9064980445,0.004007197347,0.002711864364,0.1362680376,0,-0.01038772563,-0.01223174425
2024-10-01,557.1738892,72668800,476.944397,42735400,173.1456909,8274200,19.26,3.74,0.13,1.65,70.41,121.6881,0.3107570083,1.352848152,-0.008958495997,-0.01393244663,0.1165998366,-0.008958495997,0.008001873644,0.01668514358
2024-10-02,557.4090576,38097800,477.6183472,23744000,172.9610748,4117100,18.9,3.79,0.16,1.64,70.74,121.5724,0.3102946973,-1.061406577,0.0004220737217,0.001413058209,0.1158871012,-0.008540203421,0.0145554547,0.02323879254
2024-10-03,556.3899536,40846500,477.2615356,25337200,172.144928,5361900,20.49,3.85,0.15,1.62,74.33,122.1197,0.3093961831,-0.777979969,-0.001828287485,-0.0007470641058,0.1156155192,-0.01035287696,0.01463509938,0.02284111178
2024-10-04,561.446106,42939100,482.9400635,30686600,173.4954376,5400400,19.21,3.98,0.05,1.57,74.93,122.2197,0.3090153013,-0.5217233838,0.009087425664,0.01189814684,0.0949516484,-0.001359532294,0.01151876025,0.01239420208
2024-10-07,556.3703613,49964700,477.7669983,24975100,172.144928,4207300,22.64,4.03,0.04,1.54,77.76,122.4241,0.3094070783,0.01603700005,-0.009040484162,-0.01071160911,0.09916027677,-0.01038772563,0.02909504746,0.03194346972
2024-10-08,561.6323242,37398700,484.9022827,28272000,172.553009,3845700,21.42,4.04,0.06,1.55,74.26,122.6625,0.3072348253,-1.118636793,0.009457662119,0.01493465319,0.1023076689,-0.001028307106,0.0115325463,0.003167796548
2024-10-09,565.5223999,37912200,488.7176208,24995000,173.7383423,3925200,20.86,4.06,0.07,1.54,73.85,122.8821,0.307217437,-0.9795312294,0.006926374277,0.007868261856,0.09953657772,0,0.008940567711,-0.004542128257
2024-10-10,564.5327759,44138100,488.1627197,25750400,173.0873718,3171900,20.93,4.09,0.11,1.54,76.46,123.0951,0.3066028745,-0.3233247859,-0.001749928957,-0.001135422787,0.09760840776,-0.001749928957,0.01079616252,-0.00272041038
2024-10-11,567.913269,42268000,488.9257202,20644500,174.7876587,4033900,20.46,4.08,0.13,1.54,76.11,122.9805,0.3077717465,-0.520938972,0.005988125594,0.001563004419,0.09801436755,0,0.008644349393,0.002249967824
2024-10-14,572.5579834,36217200,493.0285339,26060100,176.0701294,3222600,19.7,4.08,0.13,1.54,76.11,122.9805,0.3075149321,-1.154601011,0.008178562835,0.008391486786,0.1006526207,0,-0.001180923995,-0.004180851928
2024-10-15,568.109375,54203600,486.4383545,34784500,175.2734375,5152200,20.64,4.03,0.08,1.53,71.22,123.5124,0.3085205864,0.4871649727,-0.007769708095,-0.0133667303,0.1064382955,-0.007769708095,0.006105671051,0.01041041651
2024-10-16,570.5784912,30725400,486.4978027,22996800,176.4587708,4840200,19.58,4.02,0.09,1.51,70.97,123.9235,0.3092629208,-1.611459326,0.004346198672,0.0001222112558,0.1054031991,-0.003457278118,-0.007401727662,-0.00519459827
2024-10-17,570.6275635,34393700,486.8347168,27210700,176.177002,3595400,19.11,4.09,0.13,1.53,71.26,124.1122,0.3087425376,-1.099155682,8.600440847e-05,0.0006925294639,0.08921314593,-0.003371571051,-0.005340478644,0.002178202926
2024-10-18,572.8225098,37416800,490.0257874,25335000,176.7016602,3275700,18.03,4.08,0.13,1.53,69.78,123.9185,0.3084754128,-0.698256348,0.003846547958,0.00655473089,0.08901799906,0,-0.009493960868,0.001718921117
2024-10-21,571.8818359,36439000,490.9672546,30336500,175.1957245,3998700,18.37,4.19,0.17,1.54,71.16,124.4757,0.3063495175,-0.7678974957,-0.001642173295,0.001921260696,0.08957251356,-0.001642173295,-0.004797799548,-4.040274701e-05
2024-10-22,571.578064,34183800,491.5023804,26685800,174.4087219,3730700,18.2,4.2,0.17,1.55,72.84,124.4107,0.3051354363,-0.9766282735,-0.0005311796136,0.001089941798,0.08956071545,-0.002172480619,-0.002657309577,0.008468571393
2024-10-23,566.3552246,49314600,483.9706421,39346600,173.8354797,4665700,19.24,4.24,0.17,1.54,71.37,124.6931,0.3069371874,0.6747623469,-0.009137578372,-0.01532391008,0.0960545236,-0.01129020778,0.003495034682,0.01642241665
2024-10-24,567.5801392,34979900,487.8951416,22024900,173.8743744,4361800,19.08,4.21,0.14,1.52,70.58,124.5127,0.3063433027,-0.8364289832,0.002162802597,0.00810896193,0.0954558644,-0.009151823673,-0.01829989635,-0.01720429179
2024-10-25,567.3841553,47268200,490.868103,38762100,173.0485077,4555200,20.33,4.25,0.14,1.51,72.02,124.6105,0.3049935499,0.5168940169,-0.0003452972949,0.00609344339,0.09521831973,-0.009493960868,-0.01381601722,-0.0159290474
2024-10-28,569.1380615,30174700,490.9474182,20477800,174.0298004,3040100,19.8,4.28,0.16,1.51,67.65,124.8076,0.3057778282,-1.427098885,0.003091214715,0.0001615814616,0.0948479977,-0.006432094025,-0.01897271758,-0.01895437817
2024-10-29,570.0592041,42899700,495.6647034,28014100,173.5051727,5505400,19.34,4.28,0.17,1.49,67.48,124.8612,0.3043634266,0.5018387091,0.001618487043,0.0096085344,0.08783877506,-0.004824017243,-0.008714700986,-0.01589508298
2024-10-30,568.3346558,41435800,491.9186096,29756000,173.1262512,5630200,20.35,4.29,0.14,1.44,68.91,124.8153,0.3046202611,0.2574214554,-0.003025209184,-0.007557717394,0.08906577845,-0.007834632766,0.01901661316,0.01853418308
2024-10-31,557.1934814,60182500,479.5012512,41245200,171.2802277,6143700,23.16,4.28,0.12,1.46,69.58,124.7988,0.3073981182,2.142283249,-0.01960319365,-0.02524270917,0.1150677309,-0.02728424259,0.04742877085,0.06136181107
2024-11-01,559.545166,45667500,483.0490417,33655800,171.3871002,4247000,21.88,4.37,0.16,1.46,69.81,124.8076,0.3062971689,0.6230757087,0.004220588806,0.007398918185,0.1112582599,-0.02317880936,0.04754489403,0.05479768805
2024-11-04,558.3399658,38217000,481.6418152,23291600,171.591156,3954200,21.98,4.31,0.14,1.46,71.83,124.5903,0.3073237929,-0.2720759415,-0.002153892605,-0.002913216756,0.106541866,-0.0252827773,0.05080629945,0.05726231541
2024-11-05,565.0913086,39478300,487.7860718,24353600,173.5926056,4550700,20.49,4.26,0.07,1.45,72.26,124.5532,0.3071939047,-0.1069409538,0.01209181357,0.01275690025,0.1099345025,-0.01349667836,0.03502689865,0.04205527431
2024-11-06,579.1424561,68182000,501.0359192,43082200,177.7024078,12965500,16.27,4.42,0.15,1.4,71.98,125.7035,0.3068371279,2.331625976,0.02486526911,0.02716323442,0.138849782,0,0.01040567329,0.01319282042
2024-11-07,583.6204834,47233200,508.9243164,32853100,177.8772583,8402000,15.2,4.31,0.1,1.44,72.69,124.775,0.3047824114,0.5924535773,0.007732168997,0.01574417505,0.1402262095,0,-0.003794170239,-0.009444046544
2024-11-08,586.1486816,46444900,509.5190125,22924500,178.8683167,7541600,14.94,4.3,0.04,1.38,70.69,125.5811,0.3051586095,0.4891284324,0.00433192171,0.001168535332,0.139676786,0,-0.02079615055,-0.03417350072
2024-11-11,586.7071533,37586800,509.2217407,24167500,179.7621613,6861800,14.97,4.3,0.04,1.38,70.69,125.5811,0.3063916304,-0.4992705546,0.0009527816016,-0.0005834359882,0.1375137145,0,-0.01771984924,-0.02689561384
2024-11-12,584.8847046,43006100,508.3000488,25835300,178.3922272,5098300,14.71,4.43,0.09,1.36,68.43,126.7762,0.3050040902,0.1871436911,-0.003106232334,-0.001810001068,0.1344150818,-0.003106232334,-0.0110572632,-0.01842437813
2024-11-13,585.1688232,47388600,507.6459961,24567400,178.4893951,9745300,14.02,4.44,0.17,1.41,68.76,126.9572,0.3050220518,0.5806767875,0.0004857686483,-0.00128674537,0.1340250464,-0.002621972596,-0.01120250879,-0.01772576393
2024-11-14,581.4061279,38904100,504.1180115,28679500,177.0611572,7379500,14.31,4.43,0.09,1.39,68.99,127.0015,0.3045395443,-0.4665711122,-0.006430102157,-0.006949694563,0.1367736393,-0.009035215202,0.0005391696913,-0.007293204485
2024-11-15,573.9590454,75988800,492.1069641,51461100,175.798111,5450400,16.14,4.43,0.12,1.41,67.33,126.8848,0.3062903396,2.383956602,-0.01280874446,-0.02382586436,0.1446786962,-0.0217282299,0.01666251052,0.01856721223
2024-11-18,576.310791,37001700,495.5259094,27080800,176.5073547,3702600,15.58,4.42,0.13,1.42,69.46,126.6045,0.3062711257,-0.7710854981,0.004097410128,0.006947565391,0.1451754218,-0.01771984924,0.01594837939,0.01313948612
2024-11-19,578.4174805,49412000,498.9349365,24523000,176.03125,5787700,16.35,4.39,0.12,1.42,69.75,126.3994,0.304332521,0.4305434246,0.003655474591,0.006879614234,0.1455696328,-0.01412914911,0.01753357043,0.01161972219
2024-11-20,578.6134644,50032600,498.647583,29565500,176.6239319,4496700,17.16,4.41,0.1,1.43,69.25,126.88,0.3052537536,0.4830133659,0.0003388277383,-0.0005759338435,0.1409450613,-0.01379510872,0.01410653562,0.0042331296
2024-11-21,581.7196045,46750300,500.4413757,34526700,178.8488617,5642600,16.87,4.43,0.09,1.43,70.39,127.1047,0.307448572,0.1149659416,0.005368247246,0.003597315591,0.1417201882,-0.008500917025,0.0149579882,0.009425944371
2024-11-22,583.522644,38226400,501.2440186,23826600,180.2576752,6371300,15.24,4.41,0.04,1.43,71.68,127.4712,0.3089129051,-0.7666776519,0.003099499375,0.001603869826,0.141727318,-0.005427766236,0.01363536283,0.01878243121
2024-11-25,585.5020142,42441400,502.0368652,26375200,181.8899231,8582500,14.6,4.27,0.06,1.42,69.41,126.9948,0.3106563576,-0.4015496153,0.003392105066,0.001581757887,0.1417777972,-0.002054072723,0.0106771022,0.02029257765
2024-11-26,588.5592041,45621300,504.7324219,26557100,181.9093475,5590500,14.1,4.3,0.09,1.43,69.05,127.4301,0.3090756992,-0.04836135894,0.005221484927,0.005369240443,0.1424079603,0,0.01167049018,0.02739004945
2024-11-27,586.7756958,34000200,500.7584229,24957400,181.7344971,4801900,14.1,4.25,0.06,1.43,69.03,126.8205,0.3097171515,-1.428474038,-0.003030295488,-0.007873476819,0.1424101696,-0.003030295488,0.01307566998,0.03267382752
2024-11-29,590.4209595,30177400,505.1585083,15334000,182.288269,3752500,13.51,4.18,0.05,1.44,68.26,126.5798,0.3087428827,-1.765903262,0.006212363085,0.008786842614,0.1188839155,0,0.008729454217,0.03284014278
2024-12-02,591.479187,31746000,510.6585999,25147200,181.8316193,7664300,13.34,4.19,0.02,1.41,68.35,127.1272,0.3074184574,-1.368575019,0.00179232719,0.01088785295,0.11884589,0,0.00173948577,0.01375936227
2024-12-03,591.753479,26906600,512.2244873,18597900,181.0252075,8580300,13.3,4.23,0.06,1.4,70.15,126.9565,0.3059132121,-1.838606815,0.0004637390431,0.003066407677,0.1177553649,0,-0.001838006067,0.007216508112
2024-12-04,595.4279785,42787600,518.5570679,26086200,181.0349274,6576700,13.45,4.19,0.06,1.39,68.81,126.7574,0.3040416875,0.01024431647,0.006209510619,0.01236290088,0.1134623958,0,-0.0003290454238,0.01272769581
2024-12-05,594.4481812,28762200,517.1201172,18169600,180.1313477,6060200,13.54,4.17,0.02,1.4,68.58,126.4286,0.3030227922,-1.482031811,-0.001645534638,-0.002771056018,0.0781104861,-0.001645534638,-0.003840775634,0.008988024308
2024-12-06,595.5750122,31241500,521.7479858,23762600,179.9273224,4527300,12.77,4.15,0.05,1.42,68.58,126.688,0.3021069029,-1.025900725,0.001895591728,0.008949310805,0.0744123892,0,-0.005922790157,0.007692857508
2024-12-09,592.5080566,34742700,517.6849365,20674400,179.1889191,5121100,14.19,4.2,0.07,1.42,68.65,126.5981,0.3024244431,-0.5281710603,-0.005149570589,-0.007787379016,0.07640783975,-0.005149570589,0.003489309258,0.03022701683
2024-12-10,590.6658325,37234500,515.9209595,24350000,178.0910187,6296400,14.18,4.22,0.07,1.41,68.85,126.957,0.3015089224,-0.2389459926,-0.003109196745,-0.003407433607,0.07747730818,-0.008242756306,0.002471720653,0.02919713815
2024-12-11,595.2320557,28677700,525.1571045,32168600,178.2561951,6041800,13.58,4.26,0.11,1.42,70.57,126.8483,0.2994734463,-1.191621172,0.007730637008,0.01790224811,0.08055800888,-0.0005758410543,-0.03486640358,-0.02538099532
2024-12-12,592.1650391,31543800,521.7680054,23577500,177.6052399,3648800,13.92,4.32,0.14,1.44,70.25,126.9556,0.2999252373,-0.7327484864,-0.005152640172,-0.00645349571,0.08336995131,-0.005725514124,-0.03016563953,-0.0234190276
2024-12-13,592.0475464,35904700,525.7617188,28780400,176.983429,5418500,13.81,4.4,0.15,1.42,71.54,127.3096,0.298934486,-0.1977743169,-0.000198412044,0.007654193699,0.07922439708,-0.005922790157,-0.01832206593,-0.02237395056
2024-12-16,594.5755005,43695200,533.3330078,31979900,176.4004822,5199800,14.69,4.39,0.14,1.42,71.03,127.2687,0.2966830655,0.9087938055,0.004269849807,0.01440060924,0.06109401512,-0.001678229775,-0.01664236349,-0.02686296195
2024-12-17,592.1257935,55773500,530.984375,28579100,175.0111237,7334500,15.87,4.4,0.15,1.39,70.31,127.5043,0.295564094,1.862501935,-0.004120094133,-0.004403689211,0.06384875798,-0.005791409443,-0.001598843217,-0.009304859231
2024-12-18,574.4784546,108248700,511.8280945,54703200,169.8325958,11216700,27.62,4.5,0.15,1.37,70.8,127.6418,0.2956291824,3.243065834,-0.02980336115,-0.03607691943,0.1270704861,-0.03542216712,0.02913956326,0.02707609651
2024-12-19,574.302002,85919500,509.5487061,46441800,169.2690582,10243000,24.09,4.57,0.25,1.4,70.1,128.6366,0.2947387571,2.133910991,-0.0003071527493,-0.004453425774,0.1270473752,-0.03571843986,0.01861911177,0.01795639572
2024-12-20,581.2000122,125716700,513.9983521,60530000,171.63974,10861700,18.36,4.52,0.22,1.43,69.71,127.893,0.295319574,2.490951288,0.01201111999,0.008732523394,0.1330542652,-0.02413633834,-0.004956638471,-0.004277521333
2024-12-23,584.6803589,57635800,519.0061035,29672800,171.8737335,8102400,16.78,4.59,0.29,1.42,69.5,128.3021,0.2939618732,0.6631034567,0.005988208201,0.009742738367,0.1343388254,-0.01829266356,-0.01447804211,-0.02226169403
2024-12-24,591.1790771,33160100,526.0436401,17558200,173.1704865,2266500,14.27,4.59,0.3,1.39,70.87,128.3377,0.2929239094,-0.5480412066,0.01111499328,0.01355964135,0.1395205074,-0.007380993105,-0.02770662608,-0.03722916881
2024-12-26,591.2185059,41219100,525.6864014,19090500,173.4532471,3493100,14.73,4.58,0.28,1.4,70.38,128.3329,0.2933826417,-0.0514521519,6.669503787e-05,-0.0006791048162,0.1384119349,-0.007314790343,-0.01561519901,-0.02080822065
2024-12-27,584.9949951,64969300,518.6983643,33839600,172.273468,5401800,15.95,4.62,0.31,1.4,71.28,128.45,0.2944870802,0.8783479953,-0.01052658312,-0.01329316697,0.1432500241,-0.01776437371,0.0005881335373,0.003789086687
2024-12-30,578.3192139,56578800,511.7997131,34584000,170.5379791,6274500,17.4,4.55,0.31,1.43,71.73,128.8205,0.2948855494,0.5109463369,-0.01141168951,-0.01329992843,0.1465508921,-0.02897334171,0.0006970842354,-0.0008340760494
2024-12-31,576.215332,57052700,507.4521484,29117000,170.8499756,6324500,17.35,4.58,0.33,1.42,72.44,129.2775,0.2965036959,0.4693395248,-0.003637924844,-0.008494660285,0.1464491093,-0.03250586371,0.005817993389,0.007902422584
2025-01-02,574.7994995,50204000,506.4594727,36389800,170.3527222,9011900,17.93,4.57,0.32,1.45,73.79,129.4598,0.2963689466,0.1168491149,-0.002457123997,-0.001956195839,0.146358634,-0.03488311677,-0.007098475553,-0.005958062299
2025-01-03,581.9865112,37888500,514.7478027,29059500,171.9127502,4949100,16.13,4.6,0.32,1.44,74.64,129.4535,0.2953895785,-0.5256237611,0.01250351075,0.01636523853,0.1522904866,-0.02281576745,-0.01783935363,-0.02510698836
2025-01-06,585.3390503,47679400,520.6637573,36109700,171.7957153,8748100,16.04,4.62,0.34,1.44,74.31,128.538,0.293497786,-0.05076815768,0.005760509905,0.01149291859,0.154193776,-0.017186688,-0.02212103091,-0.03709922742
2025-01-07,578.7223511,60393100,511.3728333,36690300,171.2204742,8469400,17.82,4.67,0.37,1.47,74.99,128.613,0.2958594461,0.4545632703,-0.01130404543,-0.0178443841,0.1582810301,-0.02829645433,0.007050253291,0.002950527447
2025-01-08,579.567749,47304700,511.4622498,30777800,171.4252319,6932900,17.7,4.67,0.39,1.48,73.99,129.0785,0.2957811787,-0.196864421,0.001460800585,0.0001748557962,0.1579355463,-0.02687698922,0.003647464236,-0.004250102702
2025-01-10,570.7192993,73105000,503.4419556,40532500,168.9194641,7406800,19.54,4.77,0.37,1.42,77.27,129.8664,0.2959764359,0.8260783842,-0.0152673259,-0.01568110685,0.1657356833,-0.04173397537,0.02944079378,0.02868752738
2025-01-13,571.604248,47910100,501.8240356,31694200,170.3039703,8191400,19.19,4.79,0.39,1.44,79.57,130.0413,0.2979403511,-0.3381098136,0.001550584905,-0.003213716902,0.1625098406,-0.04024810254,0.03725540738,0.03805660138
2025-01-14,572.3907471,48420600,501.3475342,33737200,171.6787262,8081800,18.71,4.78,0.41,1.44,78.2,129.3812,0.2999327419,-0.3905180146,0.001375950277,-0.0009495389439,0.1624679786,-0.03892753165,0.04165311552,0.05232845366
2025-01-15,582.8024902,56900200,512.8816528,34957600,173.3265076,9989500,16.12,4.66,0.39,1.44,80.73,129.2092,0.2974017964,0.01099632752,0.01818992221,0.02300623393,0.1770950866,-0.02144569821,0.02862785847,0.03084962097
2025-01-16,581.6817017,43319700,509.2884827,28229000,174.6914673,5759000,16.6,4.61,0.38,1.46,79.35,129.436,0.3003214074,-0.8142720949,-0.001923101896,-0.007005846566,0.1761392169,-0.02332755784,0.02760120303,0.03225594598
2025-01-17,587.5217285,58070600,517.8844604,51837900,175.5397339,5945500,15.97,4.61,0.34,1.46,78.56,129.4859,0.2987799861,0.0678869198,0.01003990127,0.016878406,0.1799813069,-0.01352186295,0.002995338853,-0.01443261353
2025-01-21,592.8995972,42532900,520.9217529,23628000,177.5775146,7561500,15.06,4.57,0.28,1.46,76.79,128.4151,0.2995068904,-0.8119045306,0.009153480444,0.005864807138,0.145110366,-0.004492154614,0.002437804886,-0.005697157818
2025-01-22,596.232605,48196000,527.5822754,33593000,176.9535065,8400200,15.1,4.6,0.31,1.43,76.12,128.3402,0.2967860278,-0.3170067592,0.005621538332,0.0127860325,0.1455918121,0,-0.007634812295,-0.0200936891
2025-01-23,599.4868774,41152100,528.7038574,23096600,177.7920074,5414500,15.02,4.65,0.36,1.43,75.03,128.2162,0.2965736435,-0.9806265244,0.005458058539,0.00212589028,0.141361736,0,-0.007724501534,-0.01800460479
2025-01-24,597.7368164,34604700,525.7160645,19878300,177.6360168,8858500,14.85,4.63,0.36,1.43,74.97,127.4611,0.2971809866,-1.633260655,-0.00291926496,-0.005651165443,0.141220141,-0.00291926496,-0.01011546646,-0.01385863218
2025-01-27,589.2815552,70361100,510.4100342,60771700,177.753006,11280900,17.9,4.53,0.36,1.45,73.51,128.0912,0.3016435937,1.647412328,-0.01414545833,-0.02911463299,0.1459479164,-0.01702342895,-0.002669348859,0.007584640968
2025-01-28,594.3449707,44433300,517.9539795,33194200,176.8754883,14005300,16.41,4.55,0.36,1.45,74.15,128.2817,0.29759735,-0.6506097188,0.008592523358,0.01478016655,0.1491946334,-0.008577179805,-0.004532567489,0.005097359724
2025-01-29,591.680481,37177400,516.9812012,26649000,176.2905121,7849500,16.56,4.55,0.34,1.45,72.94,128.3418,0.2979488385,-1.389813194,-0.004483069391,-0.001878117282,0.1448540405,-0.0130217971,0.004004500473,0.01155837747
2025-01-30,594.8561401,39281300,519.1847534,27431300,178.1722565,8669000,15.84,4.52,0.34,1.45,73.1,128.1004,0.2995215893,-1.010241014,0.005367185976,0.004262345016,0.1384929039,-0.007724501534,0.002115713089,0.01252280216
2025-01-31,591.6904297,66566900,518.4303589,38755200,176.7097778,10222400,16.43,4.58,0.36,1.45,72.84,128.4828,0.2986524185,1.462746316,-0.005321808477,-0.001453036759,0.1394386364,-0.01300520169,-0.001744744517,0.001206268499
2025-02-03,587.7085571,65857200,514.281311,40580800,175.7444916,23419700,18.62,4.54,0.28,1.46,73.52,129.109,0.299033406,1.286616611,-0.006729655169,-0.008003095846,0.1417958081,-0.01964733634,0.01184399197,0.02150098772
2025-02-04,591.651062,33457800,520.5941772,26046800,175.9589996,7359000,17.21,4.52,0.31,1.46,73.04,128.1083,0.2974033361,-1.636398545,0.006708265236,0.01227512273,0.1370537597,-0.01307087065,0.005865925505,0.006711597454
2025-02-05,594.0498657,30653100,522.956665,21134100,176.8169861,5616100,15.77,4.43,0.26,1.45,71.39,127.9751,0.2976467066,-1.747644386,0.004054423063,0.004538060348,0.1363766691,-0.009069442424,-0.001423212146,0.002752295077
2025-02-06,596.1146851,35771500,525.6864014,19434500,176.5830078,5858800,15.5,4.45,0.24,1.44,70.97,128.2017,0.2962232138,-1.034769666,0.003475835035,0.00521981363,0.1289021147,-0.005625131274,0.005623983348,0.01189560338
2025-02-07,590.6580811,50788500,519.0557251,29605500,175.7152557,6525000,16.54,4.49,0.2,1.45,71.32,128.4292,0.2974906488,0.3083438834,-0.009153614465,-0.01261336845,0.1343503799,-0.01472725546,0.01486420548,0.02912487217
2025-02-10,594.6693726,26048700,525.3388672,20852800,176.2124939,5193400,15.81,4.51,0.23,1.45,72.73,128.6382,0.29632011,-1.998508012,0.006791224285,0.01210494709,0.1211313274,-0.008036047267,0.01097786189,0.01912153985
2025-02-11,595.1216431,30056700,524.0881958,19325500,176.2319794,4882000,16.02,4.54,0.25,1.46,73.67,128.4322,0.2961276597,-1.313480421,0.0007605411153,-0.002380694567,0.1212100069,-0.007281617896,0.0125885175,0.02183759205
2025-02-12,593.2044067,45076100,524.3959961,25009400,175.2082367,8593000,15.89,4.62,0.26,1.45,71.72,128.3288,0.2953589601,0.1389172455,-0.003221587301,0.0005873062882,0.1226371452,-0.01047974683,0.01163497173,0.01690316612
2025-02-13,599.4672241,40921300,531.9397583,28714800,176.7292328,7191600,15.1,4.52,0.21,1.44,71.66,127.8931,0.2948105012,-0.1508377164,0.01055760428,0.01438562129,0.1116189106,-3.27835705e-05,-0.01605633094,-0.01832432408
2025-02-14,599.4377441,26910400,534.1731567,17862600,176.5537415,10416200,14.77,4.47,0.21,1.46,71.05,127.1491,0.2945322399,-1.494908242,-4.917696795e-05,0.004198592797,0.1110681947,-8.195892626e-05,-0.0204854036,-0.03396819408
2025-02-18,601.1975708,26749000,535.3841553,20565000,177.9090118,5629500,15.35,4.55,0.26,1.44,72.21,127.2906,0.2959243691,-1.359811537,0.002935795547,0.002267052397,0.1066207497,0,-0.02820978757,-0.04829700718
2025-02-19,602.6133423,31011100,535.53302,19666900,178.2697601,6982400,15.27,4.53,0.25,1.46,72.58,127.7317,0.2958277682,-0.7953691186,0.002354918837,0.0002780522072,0.1025236123,0,-0.03000349329,-0.04626333445
2025-02-20,600.1063232,36554000,533.2599487,26550800,177.8212433,5153400,15.66,4.5,0.22,1.47,72.88,127.1126,0.29631623,-0.2073368057,-0.004160244832,-0.004244502587,0.1023431571,-0.004160244832,-0.04149899381,-0.06879726989
2025-02-21,589.84198,76519800,522.1923218,47093800,175.3252563,7674000,18.21,4.42,0.23,1.49,70.72,127.1408,0.2972410617,1.928926304,-0.01710420781,-0.0207546563,0.1175894076,-0.02119329495,-0.009600918711,-0.03404413881
2025-02-24,587.15802,50737200,516.0282593,39268400,175.4714966,6196800,18.98,4.4,0.27,1.48,71.06,127.1921,0.2988488458,0.6406546155,-0.00455030339,-0.0118041998,0.1181234542,-0.02564716242,-0.02250478872,-0.04389559444
2025-02-25,584.237915,58266500,509.5267029,48940000,175.6470032,9329900,19.43,4.3,0.23,1.5,69.15,127.3752,0.3006429378,1.12493662,-0.004973286374,-0.01259922549,0.1085460178,-0.03049289811,-0.02924733555,-0.03461781746
2025-02-26,584.5328369,43321600,510.7574768,34457600,175.2765045,5829700,19.1,4.25,0.2,1.51,68.87,127.2822,0.2998574134,0.2121379316,0.0005047975618,0.002415523895,0.1033227562,-0.03000349329,-0.01930889322,-0.0243897455
2025-02-27,575.2025146,74196700,496.5731201,52448000,173.7457275,6878000,21.13,4.29,0.22,1.52,70.62,127.9704,0.3020600973,1.637731931,-0.01596201561,-0.02777121693,0.1159901749,-0.04548659267,-0.02109194728,-0.02412703079
2025-02-28,584.1789551,88744100,504.4147339,47654000,175.6762238,9252600,19.63,4.24,0.25,1.57,69.97,128.2805,0.300723301,1.835727032,0.01560570443,0.0157914584,0.1288742775,-0.03059073856,-0.03073139928,-0.03223328059
2025-03-03,573.9441528,74249200,493.3768921,44587200,173.8042297,7704400,22.78,4.16,0.2,1.61,68.63,127.75,0.3028242885,1.336592301,-0.01751997767,-0.021882473,0.1411475857,-0.04757476717,-0.03972446007,-0.04892869872
2025-03-04,567.1505127,109648200,491.8880005,67875400,170.9962311,10009200,23.51,4.22,0.26,1.61,68.47,127.9966,0.3015006198,2.043880629,-0.01183676165,-0.003017757064,0.1447824514,-0.05884839764,-0.03629993089,-0.04833019051
2025-03-05,573.2461548,71230500,498.3002319,46323700,172.5854645,6327500,21.93,4.28,0.29,1.57,66.58,126.504,0.3010669379,0.9550864527,0.01074783845,0.01303595826,0.1485689896,-0.04873305226,-0.04148821372,-0.04997904865
2025-03-06,563.0703735,80094900,484.5922852,57574300,170.674469,8624700,24.87,4.29,0.33,1.59,66.62,126.1099,0.3031139215,1.102062165,-0.01775115483,-0.0275094128,0.1575739861,-0.06561913913,-0.0371742195,-0.04068008807
2025-03-07,566.2263184,81158800,488.1557922,54714700,172.273468,11727400,23.37,4.32,0.33,1.61,67.29,125.9814,0.3042484294,1.023398139,0.005604885237,0.007353619092,0.1588438249,-0.06038204164,-0.02276358912,-0.02466508739
2025-03-10,551.1445312,99326600,469.2366028,76668000,169.8457031,16835700,27.86,4.22,0.33,1.64,66.31,126.268,0.30816908,1.32588992,-0.02663561657,-0.03875645799,0.1793264156,-0.0854093453,0.01171999585,0.02123830438
2025-03-11,546.5629883,88102100,468.1149597,68760800,167.583725,17834700,26.92,4.28,0.34,1.68,66.52,126.0457,0.3066137455,0.9824963222,-0.008312779514,-0.002390357146,0.1759296604,-0.09301213576,0.009173984086,0.006234161893
2025-03-12,549.4631958,69588200,473.3956604,46971100,166.7939758,15640500,24.23,4.32,0.31,1.65,67.65,125.8664,0.3035580492,0.3961929667,0.00530626402,0.01128077745,0.178336077,-0.08819941869,0.01478005044,0.008324335594
2025-03-13,542.1386719,74079400,464.8790283,46563300,165.1949463,8687700,24.66,4.27,0.33,1.7,66.82,126.0031,0.3047097631,0.4842298442,-0.01333032673,-0.01799051574,0.1813924885,-0.1003540184,0.02551585157,0.02331644211
2025-03-14,553.3369751,62660300,476.115387,43563000,168.344223,7120600,21.77,4.31,0.29,1.65,67.43,125.6942,0.3042345453,0.05161422225,0.02065579123,0.02417050019,0.1954542567,-0.08177111878,0.005093276731,0.002460171874
2025-03-17,557.6039429,49008700,479.2023926,41744400,170.6159668,8485500,20.51,4.31,0.25,1.63,67.84,125.3688,0.3059805602,-0.6612605708,0.00771133679,0.006483734195,0.1993960055,-0.07469034662,0.01526393523,0.01785893511
2025-03-18,551.5771484,66041400,471.0332642,39072300,169.7287445,6404500,21.7,4.29,0.25,1.63,67.49,125.488,0.3077153305,-0.001956347484,-0.01080837844,-0.01704734481,0.19944831,-0.08469144353,0.0288243717,0.04142083178
2025-03-19,557.5842896,66556000,477.3363647,40430300,170.9864655,7666100,19.9,4.25,0.26,1.64,67.4,125.8006,0.3066558163,-0.1136666952,0.01089084479,0.01338143411,0.2053948218,-0.07472296011,0.00559019408,0.00875934174
2025-03-20,555.9718018,62958200,475.7183533,36780500,170.2747345,7686200,19.8,4.24,0.29,1.64,68.55,125.985,0.3062650551,-0.4926300338,-0.002891917551,-0.003389667317,0.2054143207,-0.07739878502,0.005828494369,0.006422878024
2025-03-21,556.1552734,83763000,477.2867126,42234900,169.4947052,7787700,19.28,4.25,0.31,1.68,68.52,126.2679,0.3047614817,0.7157126918,0.0003300017719,0.00329682335,0.1996017674,-0.07709432498,-0.01475233669,-0.02329407072
2025-03-24,566.1151733,58766800,487.760437,34567200,172.1212616,9323400,17.48,4.34,0.3,1.64,69.46,126.1956,0.304039301,-0.866090155,0.01790848775,0.02194430326,0.2125787464,-0.06056648,-0.02558879666,-0.0443076972
2025-03-25,567.4760132,38355700,490.5438538,26035200,171.7097931,4313100,17.15,4.31,0.35,1.66,69.48,126.0535,0.3025851121,-2.299593643,0.002403821533,0.005706524221,0.2127023636,-0.05830824948,-0.0251799215,-0.04207024189
2025-03-26,560.7012939,51848300,481.5175171,34627100,171.3864899,4641600,18.33,4.35,0.37,1.66,70.05,126.2364,0.3056645164,-1.249587419,-0.01193833586,-0.01840067223,0.2158117279,-0.06955048187,-0.007157980217,-0.01699079613
2025-03-27,559.2122803,42164200,478.7738342,33469800,170.9456329,5538300,18.69,4.38,0.41,1.68,70.3,126.3626,0.3056900554,-1.791883872,-0.002655627315,-0.005697991795,0.2094620636,-0.07202140903,-0.0535725629,-0.06428304217
2025-03-28,547.9506836,71662700,466.1687622,46363800,168.3102722,6786800,21.65,4.27,0.38,1.73,69.74,126.4187,0.3071631759,0.2064340873,-0.02013832149,-0.02632782145,0.2095682154,-0.09070934023,-0.09066691811,-0.09866937847
2025-03-31,551.6289673,95328200,466.1488953,53000300,169.7112122,10869400,22.28,4.23,0.34,1.76,71.87,126.7075,0.3076546415,1.190773166,0.006712800625,-4.261749171e-05,0.2050780464,-0.08460545332,-0.09833933566,-0.09645567752
2025-04-01,553.1870117,54609600,469.9065552,41156200,169.8875732,6370100,21.77,4.17,0.3,1.73,71.61,126.4338,0.3071069451,-0.7599330874,0.002824442743,0.008061072225,0.2022410222,-0.08201997383,-0.114961456,-0.119822329
2025-04-02,556.6878052,76014500,473.3361511,49894500,171.3081055,7288600,21.51,4.2,0.29,1.73,72.12,126.3811,0.3077274262,0.5153378803,0.006328408627,0.007298463725,0.1993754835,-0.07621062112,-0.02816548554,-0.02131683124
2025-04-03,529.2538452,125986000,447.9967957,70456300,163.1473236,15808200,30.02,4.06,0.35,1.89,67.43,124.7316,0.3082591182,2.105259404,-0.04928069145,-0.05353353089,0.2568284597,-0.1217356005,-0.02258244011,-0.009941035939
2025-04-04,498.2696838,217965100,420.1721802,117088400,153.9872437,29019500,45.31,4.01,0.33,1.94,62.42,125.8129,0.3090439749,2.853023925,-0.05854310112,-0.06210896093,0.3212873127,-0.173151922,0.0567210098,0.07507036867
2025-04-07,497.3821411,256611400,421.1861877,161557000,152.7038574,34004200,46.98,4.15,0.42,2.02,61.05,126.8282,0.3070151596,2.562667594,-0.0017812497,0.002413314389,0.3122791295,-0.1746247449,0.06887673241,0.07975174165
2025-04-08,489.5918274,165816600,413.6012573,101248100,149.8235626,17732800,52.33,4.26,0.55,2,60.04,126.8668,0.3060172867,1.490646604,-0.01566263257,-0.01800849753,0.314417477,-0.1875522943,0.08284295683,0.1007788304
2025-04-09,541.0084229,241867300,463.2461243,142876900,161.8051605,37769600,33.62,4.34,0.43,2.02,62.63,126.628,0.299080668,1.889896879,0.1050193091,0.1200307447,0.5021797831,-0.1022295975,-0.041850512,-0.04682394171
2025-04-10,517.302002,162331200,443.5432434,108384100,156.358078,20112100,40.72,4.4,0.56,1.97,60.57,125.089,0.3022568585,1.085069316,-0.04381894976,-0.04253220875,0.5238561909,-0.1415689537,0.003488299654,-0.004661681812
2025-04-11,526.5320435,97866300,451.7146606,52483800,158.7289276,11819300,37.56,4.48,0.52,1.9,61.91,124.0163,0.3014610974,0.1889787797,0.01784265568,0.01842304523,0.5223471877,-0.1262522641,-0.03756980797,-0.04685306219
2025-04-14,531.6401978,68034000,454.7765198,43941200,160.7568817,14031000,30.89,4.38,0.54,1.9,61.99,123.6598,0.3023790947,-0.4711621176,0.009701506984,0.006778303645,0.5228842841,-0.1177755943,-0.02201726145,-0.02841649948
2025-04-15,530.151062,56892900,455.2835083,35404200,160.2376404,8519400,30.12,4.35,0.51,1.9,61.74,123.776,0.3022490227,-0.7640316293,-0.002801021722,0.00111480805,0.5218418943,-0.120246724,-0.004073569004,-0.007489310417
2025-04-16,518.3669434,83484800,441.5551147,48980600,158.1803131,10385800,32.64,4.29,0.52,1.92,62.88,123.2724,0.3051512353,-0.1198482795,-0.0222278507,-0.03015350502,0.5246650983,-0.1398017485,0.04000695167,0.05216354717
2025-04-17,519.1065063,79868100,441.4755859,44837000,159.3559265,7874400,29.65,4.34,0.53,1.92,65.07,123.1298,0.3069811774,-0.219833549,0.001426717112,-0.0001801107176,0.5249153533,-0.1385744889,0.04602870227,0.06408465153
2025-04-21,506.7503357,69368100,430.5504456,44149300,156.1523438,6286600,33.82,4.42,0.67,1.96,63.48,122.3145,0.3081445295,-0.4490174595,-0.02380276591,-0.02474687328,0.5299012745,-0.1590787987,0.0719428468,0.09073914554
2025-04-22,519.9349365,75948100,441.853363,52304400,160.002533,8645400,30.57,4.41,0.65,1.93,64.6,122.4175,0.3077356833,-0.3167488657,0.02601794198,0.02625224895,0.5351294224,-0.1371997597,0.05134156801,0.06985678431
2025-04-23,527.9914551,90590700,451.8737488,55801100,161.5504456,12717500,28.45,4.4,0.59,1.86,62.64,123.0252,0.3059717047,-0.08606547352,0.01549524371,0.02267807961,0.5391188055,-0.1238304597,0.03571042141,0.04600054339
2025-04-24,539.1052246,64150400,464.5881958,45956100,164.2837524,5767900,26.47,4.32,0.55,1.86,63.55,122.9251,0.304734113,-0.778015402,0.02104914658,0.02813716675,0.5446051585,-0.1053878386,0.02154765813,0.03066207748
2025-04-25,543.0003052,61119600,469.767395,38697100,164.0486298,5190000,24.84,4.29,0.55,1.84,63.85,122.8858,0.3021151705,-0.9542512019,0.007225084063,0.01114793545,0.5454352868,-0.09892419057,0.02927505225,0.03442943954
2025-04-28,543.2073975,47613800,469.6182251,33550800,164.5090942,7232100,25.15,4.23,0.56,1.87,63.3,122.7176,0.3028476692,-1.361741518,0.0003813852095,-0.0003175399644,0.5406889891,-0.09858053358,0.02298281668,0.02861925665
2025-04-29,546.6292114,47775100,472.7198181,30613100,165.469162,5877300,24.17,4.19,0.54,1.88,61.84,122.5944,0.3027082317,-1.232323836,0.006299277184,0.006604498829,0.5406239529,-0.0929022425,0.008081980596,0.0123651371
2025-04-30,546.8462524,93101500,472.6601868,46810600,165.7043152,7497400,24.7,4.17,0.57,1.96,59.55,122.5921,0.3030181051,-0.03622206805,0.0003970534525,-0.0001261452247,0.5405294493,-0.0925420762,0.01191982302,0.01646783805
2025-05-01,550.7216797,63186100,478.8334351,43316500,165.4789886,9380300,24.6,4.25,0.55,1.95,60.59,123.1405,0.3004766196,-0.7547009183,0.007086868071,0.01306064793,0.5406545985,-0.08611104162,0.01180014594,0.01372290113
2025-05-02,558.8966675,60717300,485.9412231,39218100,168.3984222,6865200,22.68,4.33,0.5,1.9,59.67,122.4962,0.3013051107,-0.7554604734,0.01484413651,0.01484396779,0.5101864831,-0.07254514916,-0.00426975625,-0.001759306255
2025-05-05,555.6918335,38659200,483.0583496,28309500,167.8400269,5732400,23.64,4.36,0.53,1.91,58.5,122.2613,0.3020379583,-1.470664508,-0.005734215591,-0.005932556033,0.4570854909,-0.07786337523,0.03456901045,0.04510938756
2025-05-06,551.0470581,48264700,478.5650635,32786300,166.5958252,5246400,24.76,4.3,0.52,1.95,60.42,122.0417,0.3023259497,-0.9985450262,-0.00835854535,-0.009301746127,0.4591332026,-0.08557109603,0.05017913009,0.07099993496
2025-05-07,553.364563,55588000,480.4438782,38006300,167.6930695,6912400,23.55,4.26,0.48,1.95,59.42,122.117,0.3030426606,-0.6175974277,0.00420563879,0.003925933673,0.4523424776,-0.08172533836,0.04711754763,0.07320507254
2025-05-08,557.2202759,65130800,485.4044189,39577600,169.1038208,5238800,22.48,4.37,0.47,1.89,61.25,122.7568,0.3034775081,-0.1254237427,0.006967762572,0.01032491202,0.2637050442,-0.07532701854,0.04495099785,0.06340494106
2025-05-09,556.5103149,37603400,485.0863037,27767400,169.0646515,3460100,21.9,4.37,0.49,1.89,62.37,122.5191,0.3037942819,-1.885585418,-0.001274111816,-0.0006553612245,0.2026773708,-0.07650515531,0.05291129009,0.06873361623
2025-05-12,574.9015503,78993600,504.8488159,45090600,173.6985474,8903700,18.39,4.45,0.47,1.82,63.32,123.4863,0.302136161,0.9119474718,0.03304742941,0.0407401983,0.2228905506,-0.04598602462,0.02034336934,0.02788219661
2025-05-13,578.6981201,67947200,512.5431519,53269600,174.0904236,8960000,18.22,4.49,0.47,1.82,65.04,122.9583,0.3008311545,0.331770852,0.006603860822,0.01524087151,0.2222014341,-0.0396858491,0.01024121991,0.009076860549
2025-05-14,579.4377441,66283500,515.6148071,47014500,173.04216,7785500,18.62,4.53,0.48,1.8,64.48,122.6746,0.2986380535,0.2072705417,0.001278082644,0.005992969104,0.2209302611,-0.03845848825,-0.00804981678,-0.01087373531
2025-05-15,582.2678833,71268100,516.1814575,50153300,174.6194763,6989300,17.83,4.45,0.49,1.83,63.03,122.8174,0.2998954284,0.5318889494,0.004884285135,0.001098980058,0.1970187539,-0.03376204534,-0.01248171229,-0.01011071503
2025-05-16,585.9559937,76052100,518.4280396,48394600,176.3338928,6304500,17.24,4.43,0.45,1.82,63.84,123.0737,0.3009336789,0.8067128907,0.006334043929,0.004352310604,0.1963090845,-0.02764185169,-0.02539544846,-0.02352769774
2025-05-19,586.5969849,68168500,518.9251099,52536200,176.3143158,4145500,18.14,4.46,0.49,1.84,63.98,122.4186,0.3005714662,0.372628931,0.001093923806,0.0009588029091,0.1629960322,-0.02657816596,-0.006219978451,-0.001513396327
2025-05-20,584.6246948,60614500,517.1954346,42517600,175.8538818,5888300,18.09,4.48,0.51,1.82,63.97,122.3199,0.3007979023,-0.054048984,-0.003362257376,-0.003333188663,0.1514200972,-0.02579814246,-0.008636224641,-0.002614079042
2025-05-21,574.7733765,95197700,510.0081482,71292800,172.0232849,13219500,20.87,4.58,0.58,1.85,62.93,121.7496,0.2992888884,1.748043142,-0.01685067095,-0.01389665472,0.1670266977,-0.02554684818,0.01233566176,0.01342973383
2025-05-22,575.0001831,70860400,510.9624939,55607200,171.4746704,10673200,20.28,4.54,0.54,1.87,62.55,122.0429,0.2982167231,0.5395741317,0.0003946018551,0.001871236188,0.1552410098,-0.02070624346,0.01080449299,0.00994151722
2025-05-23,571.0753784,76029000,506.2306213,58368100,170.7888794,11014300,22.29,4.51,0.51,1.88,62.89,121.3837,0.2990653876,0.7638853391,-0.006825745109,-0.009260704289,0.1584752221,-0.02646042657,0.02348431823,0.0274331127
2025-05-27,582.9483643,72588500,518.1397705,47226300,173.9728699,8780200,18.96,4.43,0.51,1.84,61.61,121.6099,0.2984361575,0.5127140441,0.02079057562,0.02352514579,0.1708142777,-0.006219978451,0.008356589125,0.01166493623
2025-05-28,579.5757446,68445500,515.8434448,46637200,172.4935303,13696600,19.31,4.47,0.51,1.83,62.54,121.9888,0.2976203402,0.2122273086,-0.005785451741,-0.004431865327,0.1736360779,-0.01196944481,0.01395200326,0.01900141973
2025-05-29,581.8635864,69973300,516.8574219,58513300,172.9148102,7823900,19.18,4.43,0.51,1.81,61.66,121.5617,0.2971741388,0.387301649,0.003947442277,0.001965668191,0.1733909133,-0.008069251223,0.005084203682,0.009347331756
2025-05-30,581.2127686,90601200,516.0422363,67662800,172.8462219,8433600,18.57,4.41,0.52,1.84,61.46,121.7674,0.2973888931,1.376531072,-0.001118505929,-0.001577196171,0.1733752635,-0.009178731646,0.01654245326,0.02082405856
2025-06-02,584.4866943,61630500,520.118103,44762800,172.9833832,12499600,18.36,4.46,0.52,1.84,63.27,121.1881,0.2959577777,-0.2462130237,0.005632921296,0.007898319967,0.1678510542,-0.003597513424,0.01175953376,0.01431547893
2025-06-03,587.8198242,63606200,524.1838379,44070300,174.4235229,9725900,17.69,4.46,0.5,1.81,64.1,121.4592,0.2967295688,-0.2549508508,0.005702661695,0.007816945497,0.1654890735,0,0.01172639147,0.01310456592
2025-06-04,587.6619873,57314200,525.6452026,41359300,174.0316315,6957400,17.61,4.37,0.5,1.8,63.57,121.0539,0.2961424003,-0.8565390645,-0.0002685124039,0.002787885929,0.160632008,-0.0002685124039,0.009111932444,0.00688374627
2025-06-05,584.8218994,92278700,521.6886597,61031200,173.5614166,11662900,18.48,4.4,0.48,1.77,64.06,120.9596,0.2967765345,1.442872658,-0.004832859623,-0.007527021932,0.1631184873,-0.005100074345,0.01804237276,0.0169019697
2025-06-06,590.8274536,66588700,526.7883301,42467000,175.060318,7257800,16.77,4.51,0.47,1.73,65.3,121.161,0.2962968578,-0.2074002451,0.01026903097,0.009775313907,0.1646461643,0,-0.00357175435,-0.005585744245
2025-06-09,591.3599854,53016400,527.5638428,33688700,175.0897064,11541800,17.16,4.49,0.48,1.72,65.99,120.9103,0.2960797327,-1.887050612,0.000901332081,0.001472152383,0.1640802377,0,0.005002558613,0.006764537856
2025-06-10,594.7128296,66247000,531.0530396,40664800,175.9616241,13056400,16.95,4.47,0.46,1.71,65.66,121.0485,0.2958766238,-0.3643529712,0.005669717805,0.006613790587,0.1208794952,0,-0.00920279871,-0.009602939877
2025-06-11,593.0167236,73658200,529.2636108,53701000,175.4619751,11864700,17.26,4.41,0.47,1.74,68.91,120.587,0.2958803152,0.3156981635,-0.002851974722,-0.003369585668,0.1204747939,-0.002851974722,-0.006518638458,-0.006423604804
2025-06-12,595.3734741,64129000,530.5062256,34104900,175.8734436,8786000,18.02,4.36,0.46,1.73,68.73,120.1723,0.2954002005,-0.5926572745,0.00397417205,0.002347818215,0.1208625791,0,-0.01277540983,-0.01279813397
2025-06-13,588.7171631,89506000,523.8458252,55814400,173.7475433,16262000,20.82,4.41,0.45,1.75,73.84,120.3245,0.2951290607,1.448215471,-0.01118005979,-0.01255480156,0.1279382235,-0.01118005979,0.008248266401,0.01003333454
2025-06-16,594.3182983,79984100,531.1325684,37622100,175.4227905,10888000,19.11,4.46,0.49,1.74,72.53,120.1565,0.2951663966,0.7250436977,0.009514136168,0.01391009113,0.1303106155,-0.001772292229,0.009779393921,0.01141003595
2025-06-17,589.2398071,82209400,525.9533691,42180900,173.7377319,9216000,21.6,4.39,0.45,1.74,75.62,120.5048,0.2948506361,0.8222977725,-0.008545069578,-0.009751236372,0.1343920248,-0.01030221745,0.01905313854,0.02398058771
2025-06-18,589.151062,76605000,525.8638306,43983500,173.757309,12988300,20.14,4.38,0.44,1.77,75.89,120.7305,0.2949282793,0.3319945479,-0.0001506095076,-0.0001702405184,0.1337261908,-0.01045127534,0.02718071958,0.03373123626
2025-06-20,587.767334,94051400,523.7167358,61643500,174.0414429,9401300,20.62,4.38,0.48,1.76,75.72,121.0408,0.2961060148,1.624603459,-0.002348681207,-0.00408298613,0.1178518635,-0.01277540983,0.03471429847,0.04152285832
2025-06-23,593.5730591,87426000,529.1017456,50666100,175.5779572,12724300,19.83,4.34,0.5,1.77,69.36,121.1694,0.2957983933,1.066123838,0.009877590608,0.0102822946,0.1217929307,-0.003024009495,0.02949254717,0.03759988547
2025-06-24,600.1303711,67735300,537.1928101,45442000,177.2403717,10283300,17.48,4.3,0.55,1.78,65.45,120.3645,0.2953364473,-0.4468572699,0.01104718604,0.01529207666,0.1218810522,0,0.01791430003,0.01335724326
2025-06-25,600.4666748,62114800,538.56604,44804200,175.9615936,11833600,16.76,4.29,0.55,1.79,65.98,120.3336,0.2930413977,-0.9025796655,0.0005603844217,0.002556307446,0.1010095715,0,0.02195608762,0.0178137338
2025-06-26,605.1646118,78548400,543.6018677,43811400,177.289566,8981500,16.59,4.26,0.56,1.8,66.44,119.6451,0.2929608946,0.4429502515,0.007823809728,0.009350436645,0.09953020939,0,0.0220144857,0.01830767699
2025-06-27,608.1712646,86258400,545.4629517,57577100,177.938797,9276900,16.32,4.29,0.56,1.79,66.66,119.659,0.2925800796,0.9129379293,0.004968322293,0.003423615876,0.09983598684,0,0.009383519809,0.007188650606
2025-06-30,611.0790405,92502500,548.9959106,45548700,178.7749329,9990600,16.73,4.24,0.52,1.75,66.3,119.4088,0.2925561523,1.299772319,0.004781179329,0.006476991652,0.09940523412,0,0.004030196409,0.001268962591
2025-07-01,610.8812866,70030100,544.3682251,56166700,180.8701782,21421100,16.83,4.26,0.48,1.72,66.64,119.3436,0.2960807315,-0.3382095768,-0.0003236142841,-0.008429362509,0.09918537487,-0.0003236142841,0.01037799294,0.01692893844
2025-07-02,613.6505737,66510400,548.1599121,36538300,181.2833252,12842400,16.64,4.3,0.52,1.7,68.66,119.3037,0.295417837,-0.6615481853,0.004533265579,0.006965298188,0.09872805765,0,0.008655118221,0.008442440819
2025-07-03,618.4869995,51065800,553.5539551,26443500,182.1587982,8503400,16.38,4.35,0.47,1.67,68.13,119.2382,0.2945232452,-2.062317566,0.007881400244,0.009840272609,0.1002833846,0,-0.002750537807,-0.003631651301
2025-07-07,613.8780518,74814500,549.3840942,45349300,180.7029419,14145700,17.79,4.4,0.5,1.71,69.16,119.6201,0.2943629299,0.1314965988,-0.007451971921,-0.007532889616,0.1032380385,-0.007451971921,0.006653855355,0.007572066953
2025-07-08,613.5418091,59024600,549.6925659,36153300,181.1554413,11259100,16.81,4.42,0.52,1.71,69.55,119.8371,0.2952617712,-1.17685724,-0.000547735295,0.000561486368,0.09943889076,-0.007995625508,0.002901533972,0.007929792077
2025-07-09,617.2210083,66113300,553.5838013,43045500,181.6964722,11300700,15.94,4.34,0.48,1.73,69.61,119.7311,0.2943783017,-0.6519821258,0.005996656078,0.007078930284,0.1003959205,-0.002046916446,0.0002563151981,0.001869697374
2025-07-10,618.961792,57529000,552.7877197,34710900,182.7490082,13045900,15.78,4.35,0.49,1.7,67.78,119.8343,0.295250871,-1.39786196,0.002820357162,-0.001438050646,0.09958147171,0,0.003547160211,0.01143209015
2025-07-11,616.7858276,63670200,551.5436401,39618600,181.4111938,10362200,16.4,4.43,0.53,1.72,69.63,119.9214,0.2941234797,-0.7478353014,-0.003515506746,-0.002250555766,0.1000387434,-0.003515506746,0.00635005832,0.01273912628
2025-07-14,617.9627075,51898500,553.5440674,36453300,181.5980988,9821500,17.2,4.43,0.53,1.73,68.19,120.2209,0.2938657892,-1.730294594,0.001908085157,0.003626960952,0.09976251681,-0.001614129475,0.006338063712,0.01431108096
2025-07-15,615.3220215,74317300,554.0515137,43277700,179.0798645,11203400,17.38,4.5,0.55,1.7,67.76,120.5105,0.2910343824,0.2510546575,-0.004273212611,0.0009167224779,0.09033499576,-0.005880444568,0.01080153661,0.008136970426
2025-07-16,617.3792114,88987500,554.6188354,52314700,179.7782745,11395700,17.16,4.46,0.58,1.73,67.13,120.4175,0.2911958667,1.18946259,0.003343273716,0.001023951317,0.08629896473,-0.002556830788,0.01600412688,0.01169940161
2025-07-17,621.1573486,68885700,559.1072388,40423800,181.243988,9663600,16.52,4.47,0.56,1.71,68.76,120.6384,0.2917843417,-0.1498539643,0.006119637878,0.008092771167,0.07801639496,0,0.01015864924,0.005713716183
2025-07-18,620.7024536,65621600,558.5698242,50484700,181.1751251,9431700,16.41,4.44,0.56,1.73,68.53,120.356,0.2918872385,-0.3745354972,-0.0007323346017,-0.0009612012035,0.07832034525,-0.0007323346017,0.0151693446,0.009104410941
2025-07-21,621.8793945,63375000,561.4658813,39595200,180.5554047,9822000,16.65,4.38,0.53,1.73,68.39,119.9961,0.2903382975,-0.4909265287,0.001896143492,0.0051847719,0.07616597252,0,0.01299368566,0.007037025643
2025-07-22,621.9684448,60046300,558.5598145,43270600,182.8572235,12111800,16.5,4.35,0.52,1.73,67.56,119.681,0.2939975895,-0.7293401394,0.0001431954391,-0.005175856612,0.07195038195,0,0.01017709827,0.01070825544
2025-07-23,627.2598267,70511000,561.1075439,40215300,184.3720856,13828000,15.37,4.4,0.52,1.71,66.05,119.5697,0.2939325583,0.2479054621,0.008507476352,0.004561247383,0.06835301557,0,0.000394082918,0.007467161004
2025-07-24,627.4674683,71307100,562.3018188,42275500,183.7818909,11816300,15.39,4.43,0.52,1.68,67.16,119.5664,0.292894692,0.2761170043,0.0003310296511,0.002128424248,0.06843176416,0,-0.003688270925,0
2025-07-25,630.118103,56865400,563.6552734,30630800,184.6672058,9579400,14.93,4.4,0.49,1.69,66.38,119.9857,0.293067609,-1.016336886,0.004224338152,0.002406989529,0.06565202939,0,-0.02414078849,-0.02205258124
2025-07-28,629.9598999,54917100,565.4169312,31498700,183.5753021,8148100,15.03,4.42,0.51,1.69,67.81,120.6149,0.2914079168,-1.12948507,-0.0002510690047,0.003125416896,0.06516665979,-0.0002510690047,-0.009059065736,-0.007111235562
2025-07-29,628.2982788,60556300,564.5410156,45463300,183.4867859,9571500,15.98,4.34,0.48,1.7,70.27,120.9674,0.2920377026,-0.4336939246,-0.002637661689,-0.001549149803,0.06593566068,-0.002888068459,-0.01147576767,-0.01232225951
2025-07-30,627.507019,80418900,565.2974243,43433800,182.296524,13965200,15.48,4.38,0.44,1.69,71.09,121.4042,0.2905091394,1.516010806,-0.001259369622,0.0013398649,0.06634224242,-0.004143800935,-0.002647777591,-0.001232369446
2025-07-31,625.1531982,103385200,562.3018188,64613600,180.6341095,21530000,16.72,4.37,0.43,1.67,70.36,121.721,0.2889437501,2.51150551,-0.003751066887,-0.005299167022,0.0675788217,-0.007879324148,0.0002687817732,0.007486578659
2025-08-01,614.9065552,140103600,551.2252197,69400800,178.5978699,19418200,20.38,4.23,0.54,1.75,68.39,121.2122,0.2904471718,2.982307956,-0.01639061129,-0.01969867205,0.08671323979,-0.02414078849,0.02486662288,0.0373184337
2025-08-04,624.2530518,73218000,561.3961182,47669800,180.781662,10694200,17.52,4.22,0.53,1.74,67.33,120.9859,0.2895967612,0.2243288279,0.01519986493,0.01845143886,0.09834888761,-0.009307860291,0.007525791077,0.01551156056
2025-08-05,621.0880737,68051400,557.5845947,48666600,180.2799683,12675600,17.85,4.22,0.5,1.72,66.2,120.9082,0.29026474,-0.1195231829,-0.005070024117,-0.006789365502,0.1004920297,-0.01433069333,0.02344085888,0.03530427457
2025-08-06,625.84552,64357500,564.600769,41823700,179.8766479,10196200,16.77,4.22,0.53,1.75,65.38,120.5082,0.2874138141,-0.3541260513,0.00765985774,0.01258315668,0.1018344332,-0.006780606663,0.01913778167,0.02295009556
2025-08-07,625.321228,74205800,566.5115356,44463000,179.7684479,12164900,16.57,4.23,0.51,1.74,64.9,120.5043,0.2874817611,0.2087586168,-0.0008377338743,0.003384279134,0.1016584068,-0.007612660193,0.02008703925,0.01870923778
2025-08-08,630.1972046,64051600,571.7960815,35255500,180.0930634,9185200,15.15,4.27,0.51,1.74,64.94,120.3329,0.2857725519,-0.4392014569,0.007797554831,0.009328222933,0.1035992317,0,0.009824650506,0.0048560535
2025-08-11,628.9510498,58742300,570.104248,33112900,179.6012268,9324600,16.25,4.27,0.51,1.72,65.03,120.6892,0.2855567645,-0.8749059907,-0.001977404495,-0.002958805684,0.1041122549,-0.001977404495,0.01160515157,0.007436576798
2025-08-12,635.6469116,64730800,577.2697144,42143300,181.8833771,9790500,14.73,4.29,0.57,1.73,64.22,120.2736,0.2861390085,-0.4012885944,0.01064607781,0.01256869482,0.1076837411,0,-0.004481374369,-0.01856727018
2025-08-13,637.8228149,60092800,577.5584106,41209300,184.4803162,13402800,14.49,4.24,0.57,1.71,63.68,120.13,0.2892344266,-0.6611015455,0.003423132057,0.000500106418,0.1077007869,0,-0.01051359467,-0.02488196572
2025-08-14,637.8820801,59327500,577.1105347,45425000,183.2802124,12180800,14.83,4.29,0.55,1.71,64.99,120.6446,0.287326166,-0.6770168721,9.291786893e-05,-0.000775464383,0.1065030065,0,-0.01457478954,-0.02864327279
2025-08-15,636.3886719,68592500,574.5727539,49480200,182.827713,11734800,15.09,4.33,0.58,1.69,63.78,120.3377,0.2872893895,-0.02659454666,-0.002341197926,-0.004397391157,0.1070719549,-0.002341197926,0.002906222858,-0.009301344834
2025-08-18,636.2501221,43804900,574.3438721,29831000,182.7883759,7559000,14.99,4.34,0.57,1.7,64.51,120.5622,0.287290123,-1.805555988,-0.0002177125565,-0.0003983513565,0.1071709423,-0.002558400775,-0.001290251778,-0.01176539976
2025-08-19,632.7983398,69750700,566.5513916,53752600,183.644165,10692900,15.57,4.3,0.55,1.71,63.38,120.7224,0.2902096189,0.09128090137,-0.005425196958,-0.01356762185,0.1096684392,-0.007969717904,0.008361973377,0.00584936317
2025-08-20,631.1170044,88890300,563.1876221,76781100,183.476944,12877700,15.69,4.29,0.55,1.73,64.19,120.7757,0.2907177951,1.02378334,-0.002656984608,-0.005937271678,0.1064923835,-0.01060552709,0.01335203571,0.01341220682
2025-08-21,628.585083,54805800,560.5802002,46436900,182.8375549,12848300,16.6,4.33,0.54,1.72,64.56,121.0843,0.2908716097,-0.8635877179,-0.004011809806,-0.00462975707,0.1076007002,-0.01457478954,0.02103684937,0.02449930568
2025-08-22,638.2381592,84083200,569.2284546,51502100,186.3984985,14820900,14.22,4.26,0.58,1.73,64.08,120.2774,0.292051636,0.7557120591,0.01535683304,0.0154273276,0.1198090376,0,-0.0004028921016,-0.00274483637
2025-08-25,635.4291992,51274300,567.5864868,34044700,184.9721375,12121000,14.79,4.28,0.55,1.7,65.18,120.4214,0.2910979503,-1.172230162,-0.004401115666,-0.00288454971,0.1211293777,-0.004401115666,-0.003424208846,-0.008241125147
2025-08-26,638.0897827,51581600,569.8653564,34103000,185.1000214,10758100,14.62,4.26,0.65,1.75,63.6,120.5274,0.2900846031,-1.088584013,0.004187065214,0.004015017415,0.1212370621,-0.0002324782101,-0.002200973881,-0.004435733753
2025-08-27,639.5437012,48341100,570.7412109,36927100,185.7689209,10330900,14.85,4.24,0.65,1.77,64.49,120.7274,0.2904710351,-1.200038818,0.002278548406,0.001536949882,0.1210898916,0,0.003850630504,0.003033999271
2025-08-28,641.8085327,61519500,574.3140259,46787900,185.6804047,11258800,14.43,4.22,0.6,1.75,64.96,120.2595,0.2893080961,-0.2334460691,0.003541324133,0.006259956129,0.1200750401,0,-0.002588871874,-0.001767670139
2025-08-29,637.9810181,74522200,567.6660156,56030400,185.5426788,11791100,15.36,4.23,0.64,1.8,64.36,120.2082,0.2908278986,0.9109628295,-0.005963639393,-0.0115755666,0.1043219836,-0.005963639393,0.005859932012,0.01484919317
2025-09-02,633.2533569,81983500,562.9089355,65876800,184.0770111,13874500,17.17,4.28,0.62,1.81,65.95,120.6837,0.2906846195,1.359206834,-0.007410347642,-0.008380068468,0.09657166758,-0.01332979439,0.01571214421,0.02632504581
2025-09-03,636.6853638,70820900,567.3375854,54230200,183.7917023,13431600,16.35,4.22,0.61,1.78,64.36,120.5052,0.288669589,0.5632043975,0.005419642546,0.007867435783,0.09538164764,-0.007982394568,0.01315751507,0.01864692528
2025-09-04,642.0063477,65219200,572.4728394,47526300,185.1492004,10706800,15.3,4.17,0.58,1.8,63.81,120.7629,0.2883915418,0.1214255819,0.008357320883,0.009051496037,0.09603244139,0,0.0131101649,0.01538521408
2025-09-05,640.1469727,85178900,573.2988281,68342500,185.3656158,19713400,15.18,4.1,0.59,1.78,62.22,120.1282,0.2895672771,1.441285519,-0.002896194106,0.001442843595,0.09691210995,-0.002896194106,0.01571284899,0.01840086499
2025-09-08,641.7195435,63133100,576.0953979,46371400,185.2180634,16212100,15.11,4.05,0.56,1.76,62.6,120.0971,0.2886277428,-0.08068072505,0.002456577736,0.004878031643,0.09388951928,-0.0004467310958,0.01861815174,0.02212931441
2025-09-09,643.203125,66133900,577.7275391,44007600,184.647522,18432700,15.04,4.08,0.54,1.75,62.97,120.1569,0.2870749765,0.1262846337,0.00231188462,0.002833109098,0.09336521687,0,0.01486937098,0.01838035186
2025-09-10,645.062561,78034500,577.916687,49308000,184.4606476,17279300,15.35,4.04,0.5,1.75,64.01,120.1223,0.285957764,0.9043176308,0.002890900188,0.0003273999185,0.08671080571,0,0.01068664515,0.01601506117
2025-09-11,650.4231567,69934400,581.2804565,44745800,187.2247772,19182500,14.71,4.01,0.49,1.74,62.71,119.9534,0.287850725,0.3187405324,0.008310195052,0.005820509438,0.09036747321,0,0.007040376077,0.01924388833
2025-09-12,650.2055054,72780100,583.8480225,50745900,185.8771362,14126100,14.76,4.06,0.5,1.7,63.02,120.0611,0.2858744423,0.4678607797,-0.0003346304093,0.00441708626,0.09043673108,-0.0003346304093,0.01236688333,0.02163099118
2025-09-15,653.6671753,63772400,588.8439941,44360300,185.5525208,14177200,15.69,4.05,0.51,1.68,63.66,119.5644,0.2838639108,-0.17652094,0.005323962798,0.008556972855,0.09080378513,0,0.01176972278,0.01895980563
2025-09-16,652.7671509,61169000,588.3463745,36942100,185.0606689,13418400,16.36,4.04,0.53,1.69,64.89,119.1348,0.2835018102,-0.5323618558,-0.001376884825,-0.0008450788899,0.09116272257,-0.001376884825,0.00764969443,0.01304760938
2025-09-17,651.9561157,101952200,587.1720581,69384800,185.2377472,21025400,15.72,4.06,0.54,1.7,64.41,119.1582,0.2841260979,2.001478364,-0.001242457062,-0.00199596098,0.08823344238,-0.002617631166,0.005693128467,0.01151022736
2025-09-18,655.0023804,90459200,592.4665527,61069300,186.4476624,16984500,15.7,4.11,0.54,1.68,63.91,119.6616,0.2846518852,1.387413167,0.004672499536,0.009016938997,0.08747827119,0,-0.003602179329,-0.001850834637
2025-09-19,658.246521,97945600,596.4772339,58196100,186.1230621,11333500,15.45,4.14,0.57,1.68,63.02,119.7858,0.2827558615,1.577580218,0.004952868451,0.006769464257,0.0852380815,0,-0.002832621106,-0.004486792419
2025-09-22,661.3606567,69452200,600.0083618,57154800,186.2119751,9302300,16.1,4.15,0.54,1.67,62.99,119.8152,0.2815588941,-0.02892273348,0.004730956629,0.005919971005,0.07080988409,0,-0.004738673424,-0.005762248797
2025-09-23,657.7606201,81708900,596.0228882,64635500,186.439209,9921600,16.64,4.12,0.59,1.69,63.76,119.6202,0.2834453801,0.6904688288,-0.005443378865,-0.006642363484,0.07210344797,-0.005443378865,0.004478066207,0.003627663388
2025-09-24,655.6677856,68082200,593.930542,49850300,186.0045013,10626000,16.18,4.16,0.59,1.68,65.4,120.1707,0.2836871132,-0.3544304715,-0.003181757023,-0.003510513158,0.07351482164,-0.008607816379,0.01111802966,0.01199460526
2025-09-25,652.6429443,89622100,591.3699951,70920200,184.4731445,12979600,16.74,4.18,0.54,1.67,65.51,120.5419,0.282655541,1.161200419,-0.004613374905,-0.004311189094,0.07639888224,-0.0131814802,0.01697425077,0.02055474008
2025-09-26,656.381958,69179200,593.8009644,54337400,186.3008881,11428800,15.29,4.2,0.57,1.65,66.5,120.4349,0.2838299953,-0.5573339439,0.005729034083,0.004110741597,0.07773741002,-0.007527963267,0.0111661885,0.01209805696
2025-09-29,658.2266846,73499000,596.5509644,48332900,186.9233246,11846900,16.12,4.15,0.52,1.64,64.27,120.115,0.2839801682,-0.1495563043,0.002810446783,0.004631181431,0.07321900781,-0.004738673424,0.01194847811,0.01499842795
2025-09-30,660.7061157,86288000,598.1850586,46533800,187.4172821,13098600,16.28,4.16,0.56,1.67,63.17,120.1368,0.2836620967,0.8887702166,0.003766834755,0.002739236605,0.06535715685,-0.0009896884687,0.004413206492,0.006895655233
2025-10-01,662.9575195,72545400,601.0545044,46899600,187.8421173,10806400,16.29,4.12,0.57,1.69,62.59,120.1502,0.2833395984,-0.2587648878,0.003407572225,0.004796919882,0.0643980533,0,0.006971250691,0.01357650134
2025-10-02,663.7210693,56896000,603.5254517,43765400,188.2866974,12839600,16.63,4.1,0.55,1.68,61.28,120.4296,0.283683472,-1.705122596,0.001151732626,0.004111020294,0.05993519328,0,0.002899008921,0.008205165753
2025-10-03,663.7112427,70494400,600.9848022,46482100,188.9486237,15326900,16.65,4.13,0.55,1.66,61.65,120.0881,0.2846849827,-0.3247691003,-1.480540638e-05,-0.004209680647,0.05785956326,-1.480540638e-05,-0.02419276005,-0.02267985642
2025-10-06,666.0914917,54623300,605.498291,41962100,188.8893738,10695400,16.37,4.18,0.58,1.65,62.49,120.2722,0.2835787217,-1.763303866,0.003586271966,0.007510154587,0.05816375987,0,-0.0127603683,-0.009379481888
2025-10-07,663.6219482,72020100,602.3099365,58209500,188.0594788,13431800,17.24,4.14,0.57,1.67,62.52,120.4884,0.2833834524,-0.162488134,-0.003707513889,-0.005265670506,0.06139467649,-0.003707513889,-0.01029708864,-0.01076898569
2025-10-08,667.5791626,60702200,609.2147217,50629800,188.6720123,11800200,16.3,4.13,0.55,1.68,63.37,120.7766,0.2826211825,-1.072183022,0.00596305527,0.01146384069,0.06321230589,0,-0.0117959881,-0.01507908631
2025-10-09,665.6452026,66501900,608.477478,45551000,187.1110229,12641800,16.43,4.14,0.54,1.69,62.36,121.0902,0.2810972305,-0.5276830103,-0.002896974725,-0.001210154033,0.06017096755,-0.002896974725,-0.0156742235,-0.01753724812
2025-10-10,647.6542358,159422600,587.3545532,97614800,182.8924103,40484500,21.66,4.05,0.53,1.72,59.75,121.1163,0.2823920545,3.009966618,-0.02702786218,-0.03471439054,0.1168745835,-0.02984653787,0.0174114685,0.02447840467
2025-10-13,657.5919189,79560500,599.8190308,65872600,184.6707306,16088800,19.03,4.05,0.53,1.72,59.75,121.1163,0.2808287713,0.1521386405,0.01534411814,0.02122138574,0.1280045534,-0.01496038854,0.01245778489,0.01583027514
2025-10-14,656.7885742,88779600,595.8236694,69203200,186.2021027,17544300,20.81,4.03,0.55,1.71,59.52,121.1822,0.2835038701,0.5343295176,-0.001221646288,-0.00666094459,0.1279782732,-0.01616375852,0.01368101551,0.02237457072
2025-10-15,659.7044067,81702600,600.0283203,62805500,186.5775146,11078500,20.64,4.05,0.55,1.68,59.08,120.8642,0.2828198701,0.2420191793,0.00443952991,0.007056871176,0.1286350528,-0.0117959881,0.003953889668,0.00542983811
2025-10-16,655.211731,110563300,597.8064575,70982000,184.8090515,20569900,25.31,3.99,0.58,1.71,58.29,120.6698,0.2820600468,1.434322696,-0.006810134562,-0.003702929875,0.1302868534,-0.0185257904,0.01683206196,0.01765018004
2025-10-17,658.9308472,96500900,601.7320557,72024900,185.7476349,21042200,20.78,4.02,0.56,1.7,58.3,120.7028,0.2818924561,0.8801551805,0.005676205164,0.006566670693,0.1306727357,-0.01295474142,0.01935610323,0.02180706372
2025-10-20,665.7840576,60493400,609.3143311,45761700,187.6049957,9171600,18.23,4,0.54,1.68,58.34,120.6209,0.2817805467,-0.996669372,0.01040050026,0.01260075032,0.1348301817,-0.00268897695,0.02076565111,0.02706299085
2025-10-21,665.7741089,56249000,609.1549683,44538200,188.4645386,9444800,17.87,3.98,0.53,1.67,58.66,120.8895,0.2830758001,-1.169588464,-1.494287878e-05,-0.0002615444687,0.1330927175,-0.002703879648,0.02349211495,0.03523167169
2025-10-22,662.3128052,80564000,603.286377,61478800,187.555603,15088600,18.6,3.97,0.52,1.69,59.3,120.8958,0.2831828127,0.1947940868,-0.005198916066,-0.009633987432,0.1340499798,-0.00788873847,0.0293351978,0.05000908517
2025-10-23,666.2402954,65604500,608.3578491,42844300,188.4447784,9809400,17.3,4.01,0.53,1.66,62.44,120.9531,0.2828480651,-0.5470372729,0.005929962706,0.008406409231,0.1338999432,-0.002005555689,0.01201317627,0.02533656188
2025-10-24,671.6851807,74356500,614.8540649,47632500,188.9585114,13012000,16.37,4.02,0.54,1.65,62.27,120.9345,0.2813200541,-0.07167760612,0.008172554694,0.0106782806,0.1353022463,0,0.007102206383,0.019397308
2025-10-27,679.6094971,63339800,625.8041992,54098600,189.7982941,10311100,15.79,4.01,0.53,1.63,62.13,120.7988,0.2792755176,-0.6635036245,0.01179766449,0.01780932241,0.1403967108,0,-0.002772678114,0.006352470688
2025-10-28,681.4145508,61738100,630.6165161,61195700,188.1681671,12596700,16.42,3.99,0.52,1.65,60.97,120.6361,0.2761434532,-0.6940392563,0.002656016019,0.007689812405,0.1402284955,0,-0.01720368217,-0.02159819458
2025-10-29,681.7418823,85657100,633.4561768,67422800,186.0637817,25832400,16.92,4.08,0.49,1.61,61.26,120.5312,0.2729240884,0.5319131509,0.0004803706387,0.004502991235,0.1401078613,0,-0.01427133989,-0.0196454301
2025-10-30,674.2439575,76335800,623.7715454,61628600,185.2635345,16213800,16.91,4.11,0.5,1.64,61.36,121.2832,0.2747722578,0.03616113128,-0.01099818714,-0.01528855776,0.1469068082,-0.01099818714,-0.01400349585,-0.02296936567
2025-10-31,676.4556274,87164100,626.7805786,66305100,185.6685791,14994200,17.44,4.11,0.51,1.69,61.75,121.3859,0.2744726654,0.5146125424,0.003280222088,0.004823934701,0.1471216042,-0.007754041551,-0.0162596051,-0.03072798559
2025-11-03,677.7251587,57315000,629.7796021,37154300,185.2141266,16031300,17.17,4.13,0.53,1.71,61.79,121.4512,0.2732879608,-1.153230069,0.001876739875,0.004784805943,0.1468467544,-0.005891853995,-0.002780477292,-0.01400142213
2025-11-04,669.6917114,78427000,616.9963379,63830800,183.9890442,15934300,19,4.1,0.52,1.72,61.38,121.8271,0.274736929,0.07523736824,-0.01185354736,-0.0202979965,0.1529614669,-0.01767556198,0.01149210429,0.003746413545
2025-11-05,672.0125122,74402400,621.0116577,48688500,185.0659485,15322600,18.01,4.17,0.54,1.7,60.4,121.8482,0.2753906291,-0.179048614,0.00346547634,0.006507850335,0.1520324126,-0.01427133989,0.008559748809,-0.003529751132
2025-11-06,664.8021851,85035300,609.4439087,72115100,183.7618103,19140600,19.5,4.11,0.54,1.72,60.24,121.6948,0.2764157736,0.3179148988,-0.01072945372,-0.01862726549,0.1567374045,-0.02484766992,0.002580856856,-0.005346050111
2025-11-07,665.4567261,100592400,607.520874,81835400,185.3030396,24166700,19.08,4.11,0.56,1.75,60.54,121.388,0.2784599393,1.422729679,0.0009845650787,-0.003155392384,0.1199280805,-0.02388756899,0.001430911185,-0.001443193242
2025-11-10,675.8407593,75842900,620.961792,55919900,186.3700409,15983200,17.6,4.13,0.55,1.73,60.94,121.2984,0.2757602857,-0.06173182222,0.01560437035,0.02212420765,0.1203327596,-0.008655949121,-0.02314229013,-0.03140083418
2025-11-11,677.3878784,58953400,619.3078613,44868800,187.4469299,11465600,17.28,4.13,0.55,1.73,60.94,121.2984,0.2767202306,-1.253197336,0.002289177028,-0.002663498279,0.1199642406,-0.006386587093,-0.03355777265,-0.0406390624
2025-11-12,677.7647705,62312500,618.8196411,47444400,187.89151,17683800,17.51,4.08,0.52,1.75,59.3,121.0458,0.2772223022,-0.8826045941,0.0005563903664,-0.000788332016,0.1195244018,-0.005833750162,-0.03036373189,-0.03415019676
2025-11-13,666.5179443,103457800,606.185791,71333600,185.7673798,23906200,20,4.11,0.53,1.77,59.54,120.7725,0.278713246,1.76342227,-0.01659399641,-0.02041604574,0.1327303083,-0.02233094135,-0.02903089038,-0.03736029146
2025-11-14,666.4089355,96846700,606.644104,80087300,185.0856781,31184400,19.83,4.14,0.52,1.77,60.87,120.9666,0.2777358889,1.414160832,-0.0001635496688,0.0007560602625,0.1315502407,-0.0224908388,-0.01919852316,-0.03086095872
2025-11-17,660.2002563,90456100,601.4630737,63850400,182.655304,24821300,22.38,4.13,0.53,1.77,60.66,121.1146,0.2766665147,0.9565262098,-0.009316620573,-0.008540477422,0.1306770374,-0.03159792076,0.004596956878,0.002484785685
2025-11-18,654.65625,114467500,594.1397705,83327300,182.7639618,39684900,24.69,4.12,0.54,1.79,61.51,121.2127,0.2791754631,1.923489599,-0.008397461671,-0.01217581518,0.1337113344,-0.0397300401,0.02263355724,0.02109655401
2025-11-19,657.1853027,94703000,597.6868286,73111500,182.2107086,21903500,23.66,4.13,0.55,1.79,60.27,121.4978,0.2772592568,0.9063228238,0.003863176643,0.005970073511,0.1336335479,-0.03602034762,0.02573081297,0.02400520562
2025-11-20,647.168335,165293500,583.5385132,117743200,179.9877777,45169400,26.42,4.1,0.55,1.8,60.07,121.6889,0.2781158595,2.703198757,-0.01524222732,-0.02367178722,0.141337781,-0.05071354461,0.04729277164,0.0573361037
2025-11-21,653.6148682,123956200,587.9224854,103344200,183.524704,57508500,23.43,4.06,0.55,1.82,58.86,121.8653,0.2807841635,1.406566453,0.009961138169,0.007512738352,0.1430785728,-0.04125757107,0.03222920981,0.04592670538
2025-11-24,663.2351685,80437900,602.9575806,60168100,184.2854462,15833500,20.52,4.04,0.58,1.8,59.11,121.9171,0.277858375,-0.2400878073,0.01471860688,0.02557326108,0.1469546518,-0.02714621816,0.01914085057,0.02782730836
2025-11-25,669.4734497,81077100,606.6740723,57560900,186.9035492,22726500,18.56,4.01,0.58,1.79,58.25,121.6335,0.2791799276,-0.273313358,0.009405836039,0.006163769756,0.1511826317,-0.017995715,0.01314044669,0.0240272691
2025-11-26,674.0952148,71879600,612.0344238,42393600,188.2076721,14643700,17.19,4,0.55,1.78,58.81,121.2437,0.2792004274,-0.7068978796,0.006903582418,0.008835636477,0.1536264339,-0.01121636748,0.006929771315,0.0141142841
2025-11-28,677.7747192,49212000,616.9963379,23034400,189.2252655,5185500,16.35,4.02,0.55,1.78,58.58,121.0527,0.2791860778,-1.895666037,0.005458434229,0.008107246699,0.1497966195,-0.005819157058,0.00336552372,0.01006057256
2025-12-01,674.6803589,61201200,614.9238281,40957600,187.9310455,13035100,17.24,4.09,0.55,1.78,59.47,120.9862,0.2785482682,-1.032622048,-0.004565470301,-0.003359030902,0.1503167335,-0.01035806017,0.004939224059,0.01152039839
2025-12-02,675.9300537,62953800,619.7362671,54541800,187.7532043,11714200,16.59,4.09,0.58,1.76,58.81,121.1467,0.2777701677,-0.9703208334,0.001852276871,0.00782607332,0.150312516,-0.008524969294,0.002215462311,0.00490350421
2025-12-03,678.2706299,57238500,621.2507935,47841600,189.1857452,13576800,16.08,4.06,0.57,1.77,59.09,120.7336,0.2789236875,-1.198198708,0.00346274908,0.002443824006,0.1441190721,-0.005091740043,0.005381008867,0.006559465654
2025-12-04,678.7665405,61970300,620.6728516,47067800,189.2450409,11086800,15.78,4.11,0.59,1.76,59.82,120.6766,0.2788072623,-0.8841263765,0.000731139788,-0.0009302875757,0.1437434354,-0.004364323029,0.006984229979,0.004238131501
2025-12-05,680.0557861,79241000,623.2036743,53614200,189.6896057,12887200,15.41,4.14,0.58,1.74,60.23,120.6863,0.2789324193,-0.06439927241,0.001899394753,0.004077547048,0.1374655625,-0.002473217848,-0.005731449033,-0.01896152898
2025-12-08,678.0127563,55231500,622.0079956,43462400,188.5534515,8686100,16.66,4.17,0.6,1.73,59.04,120.776,0.2780972036,-1.128021126,-0.003004209106,-0.001918600227,0.1382639946,-0.005469996891,-0.004242133612,-0.0220093673
2025-12-09,677.4275513,58310100,622.7751465,37156000,188.1977997,7896700,16.93,4.18,0.57,1.73,58.4,120.6832,0.2778124381,-0.8912018801,-0.0008631180942,0.001233345687,0.12704984,-0.006328393732,-0.006104979262,-0.02127828477
2025-12-10,681.9204102,85671300,625.3258667,55031400,190.8455353,17968600,15.77,4.13,0.59,1.76,58.67,120.6752,0.2798648236,0.2657798562,0.006632235253,0.00409573219,0.1289419535,0,-0.02351765715,-0.0433390247
2025-12-11,683.5072021,86173700,623.3033447,58272800,192.3867645,17852700,14.85,4.14,0.62,1.73,57.76,119.98,0.2814699888,0.2359451047,0.002326946031,-0.00323434881,0.1291298555,0,-0.01842804741,-0.02632772051
2025-12-12,676.1580811,113160300,611.3867798,75158700,191.0826569,26817100,15.74,4.19,0.67,1.76,57.61,120.1442,0.2826005667,1.091685606,-0.01075207558,-0.01911840365,0.1202613096,-0.01075207558,0.001233777336,0.005589819108
2025-12-15,675.1365356,90811000,608.3179932,49538200,191.3197479,26605900,16.5,4.18,0.67,1.77,56.97,119.9561,0.283379343,0.3986660859,-0.00151080855,-0.005019386618,0.1204912519,-0.0122466398,0.008995666657,0.01550726711
2025-12-16,673.2918701,122030600,609.5235596,55152800,189.97612,16005500,16.48,4.15,0.67,1.78,55.44,119.8902,0.2821601276,1.250448564,-0.002732285145,0.001981802971,0.1154067707,-0.01494546363,0.01638432542,0.01824525151
2025-12-17,665.8832397,110625200,598.2248535,70654300,189.4623718,13546100,17.62,4.16,0.67,1.78,56.07,120.155,0.284527918,0.9575109778,-0.01100359398,-0.01853694722,0.118551545,-0.0257846038,0.03130772603,0.04051221285
2025-12-18,670.911499,108650100,606.8931885,78875800,189.8674316,18124000,16.87,4.12,0.66,1.78,56.22,120.0528,0.2829992211,0.866985533,0.00755126271,0.014490095,0.1204906094,-0.01842804741,0.02347461576,0.02558456728
2025-12-19,676.9923096,103599500,614.8043213,60369800,190.5590363,13707900,14.91,4.16,0.68,1.76,56.8,120.1652,0.2814788788,0.8986913754,0.009063506224,0.01303546153,0.1070046154,-0.009531563907,0.01066711913,0.007487078766
2025-12-22,681.2098389,69556700,617.7513428,43703100,191.9714813,8322300,14.08,4.17,0.73,1.76,58.18,119.9912,0.2818096134,-0.4106333058,0.00622980385,0.004793430011,0.1042344894,-0.00336113983,0.003183243852,0.0003551937026
2025-12-23,684.3233032,64840000,620.6444702,41120400,191.5251312,6422600,14,4.18,0.7,1.74,58.55,119.7057,0.2798752144,-0.624252116,0.004570492347,0.004683320361,0.09361071352,0,-0.008779558744,-0.01253796108
2025-12-24,686.7305298,39445600,622.4602661,18468700,192.2194519,4193200,13.47,4.15,0.68,1.73,58.72,119.4372,0.2799052082,-2.033804307,0.003517674396,0.00292566193,0.08931922769,0,-0.01044359574,-0.01732567761
2025-12-26,686.6608887,41613300,622.4202881,28959800,192.2690582,9570500,13.6,4.14,0.68,1.75,56.6,119.4723,0.280005839,-1.636942524,-0.0001014096655,-6.422583018e-05,0.08690690699,-0.0001014096655,-0.003751915957,-0.009456806777
2025-12-29,684.2138672,62559500,619.4074097,32458300,191.9516449,7381000,14.2,4.12,0.67,1.76,57.89,119.5899,0.2805433419,-0.474666218,-0.003563653507,-0.004840585173,0.08658301581,-0.003664701784,0.005757098917,0.004107161632
2025-12-30,683.3782959,47160700,617.9707642,31226800,191.644165,5089000,14.33,4.14,0.69,1.75,57.79,119.4939,0.2804364233,-1.253689542,-0.001221213613,-0.002319387023,0.08478988832,-0.004881440014,0.003740911198,0.007410196297
2025-12-31,678.3152466,74144800,612.862854,40746500,190.0075378,12684500,14.95,4.18,0.71,1.72,57.26,119.7456,0.2801168613,0.0593641302,-0.007408852969,-0.008265617813,0.0893067653,-0.01225412711,0.01113031995,0.01002754168
2026-01-02,679.5585938,89377200,611.6757202,61859200,191.2969971,13722500,14.51,4.19,0.72,1.74,57.21,119.6059,0.2815018437,0.5508509241,0.001832993102,-0.00193703009,0.0887002339,-0.01044359574,0.01595507338,0.02206742472
2026-01-05,684.0845947,71927200,616.5341797,46828400,193.0724945,17525900,14.9,4.17,0.71,1.75,58.1,119.6192,0.282234823,-0.1206027883,0.006660207108,0.007942867948,0.09169736001,-0.003852945142,0.0108183035,0.01485462855
2026-01-06,688.1529541,69273800,621.951416,43137500,195.4034424,18100800,14.75,4.18,0.71,1.74,56.97,119.7807,0.2839535037,-0.2133503508,0.005947158299,0.008786595304,0.093675934,0,0.002833157926,0.004523431284
2026-01-07,685.9347534,75588300,622.5500488,44880300,193.2113647,19819100,15.38,4.15,0.68,1.73,56.01,119.8719,0.2816760104,0.001800196651,-0.003223412281,0.0009625073552,0.09379122026,-0.003223412281,0.001131037416,-0.007163333614
2026-01-08,685.8651123,64019200,619.0083618,50435900,194.8678284,21391900,15.45,4.19,0.7,1.73,57.74,120.0904,0.284119756,-0.5287661722,-0.0001015273143,-0.005688999653,0.09367279054,-0.003324612331,0.003959344371,0.002111354032
2026-01-09,690.401001,80125500,625.1738281,49688700,195.9985809,14223300,14.49,4.18,0.64,1.7,58.96,120.2215,0.2838909281,0.1793461333,0.006613382997,0.009960231055,0.09365680647,0,-0.003472297735,-0.008601318696
2026-01-12,691.4852295,63976000,625.6925659,37388700,196.177124,12469900,15.12,4.19,0.65,1.7,59.39,119.9958,0.2837039978,-0.4748416133,0.001570433001,0.0008297496946,0.09351390256,0,-0.02528913099,-0.03047014212
2026-01-13,690.1026001,78309700,624.7647705,44481400,196.177124,18149500,15.98,4.18,0.65,1.69,60.85,120.1401,0.2842724024,0.2216551204,-0.001999506765,-0.001482829525,0.08411404603,-0.001999506765,-0.01206450262,-0.0159044234
2026-01-14,686.7105713,94676700,618.0905151,72598700,197.0698242,24857600,16.75,4.15,0.64,1.68,61.84,119.9537,0.2869765407,0.8295945347,-0.004915252903,-0.01068282926,0.086319597,-0.006904931587,-0.001998832822,0.001953036474
2026-01-15,688.5806885,77862000,620.3153076,53934900,197.9427032,20666000,15.84,4.17,0.61,1.65,59.13,119.9951,0.2874647903,0.2902303343,0.002723297508,0.003599460639,0.08547283023,-0.004200438262,-0.004348278532,0.001511721747
2026-01-16,688.0037231,79289200,619.7965088,61058100,197.4368286,13913900,15.86,4.24,0.65,1.63,59.4,120.0838,0.2869705817,0.4396618498,-0.0008379051892,-0.0008363469702,0.0730333382,-0.005034823882,0.001547073154,0.006760484211
2026-01-20,673.9981689,111623300,606.6276245,81988900,194.4909058,21111300,20.09,4.3,0.7,1.65,60.3,119.4455,0.2885629587,1.700520867,-0.02035680001,-0.02124710948,0.103804556,-0.02528913099,0.02643227896,0.03794028506
2026-01-21,681.7768555,127844500,614.8282471,79837900,197.7839966,19619100,16.9,4.26,0.66,1.62,60.38,119.3431,0.2901007786,2.021298463,0.01154110928,0.01351837969,0.1069203981,-0.01403988633,0.0146191234,0.02748749025
2026-01-22,685.3379517,77112200,619.2976685,42254800,198.0419006,17094600,15.64,4.26,0.65,1.59,59.24,119.1962,0.2889696976,0.2509942531,0.005223257673,0.007269381991,0.1062468038,-0.008889962605,0.007344118493,0.01396678465
2026-01-23,685.5865479,63059600,621.2530518,43645800,197.1591187,13501000,16.09,4.24,0.64,1.61,60.7,118.8976,0.2875772859,-0.4394579445,0.000362735189,0.003157420737,0.1050592127,-0.008530452118,0.003975553409,-0.001364921143
2026-01-26,689.0681152,60473800,623.9866333,35983000,197.6252899,13080500,16.15,4.22,0.66,1.61,60.46,118.0525,0.2868008047,-0.7406097873,0.005078231762,0.004400109642,0.1058728349,-0.003495539969,0.003868661785,0.00108721201
2026-01-27,691.8134766,55506100,629.6432495,38997200,197.3177948,10553600,16.35,4.24,0.71,1.61,62.04,117.4523,0.2852182004,-1.260038202,0.003984165378,0.009065284269,0.1067130156,0,-0.008569458384,-0.0231489205
2026-01-28,691.7438354,61172200,631.7283325,50691700,196.6532288,20805900,16.35,4.26,0.7,1.62,62.75,117.5117,0.2842862035,-0.8303921512,-0.0001006645803,0.003311530791,0.1057122827,-0.0001006645803,-0.01327247439,-0.04338142209
2026-01-29,690.3711548,97486200,627.9472656,79944000,196.9111328,23925700,16.88,4.24,0.71,1.63,64.77,117.4396,0.2852250292,1.114224024,-0.001984377155,-0.005985273574,0.1059181658,-0.002084841979,-0.02365856511,-0.05147503647
2026-01-30,688.3121338,101835100,620.4050903,65650700,196.4746857,25403000,17.44,4.26,0.74,1.62,64.5,117.8996,0.2854441699,1.195272119,-0.002982484106,-0.01201084184,0.1026320272,-0.005061108076,-0.001950997871,-0.01965042411
2026-02-02,691.7338867,79286500,624.6650391,49020300,197.4864349,14618600,16.34,4.29,0.72,1.61,61.6,118.3609,0.2854948105,0.09516297309,0.004971222737,0.00686639874,0.1036698247,-0.0001150452347,-0.002099464166,-0.01887759768
2026-02-03,685.8850098,107904600,615.067688,81234000,196.9607391,28998500,18,4.28,0.71,1.63,62.62,117.9764,0.2871629155,1.338758502,-0.008455385901,-0.01536399586,0.1063961957,-0.008569458384,0.003756160156,-0.00819120736
2026-02-04,682.5626831,105204600,604.3230591,81850700,198.6766968,31319200,18.64,4.29,0.72,1.64,64.56,118.2602,0.2910746539,1.10931611,-0.004843853726,-0.01746901864,0.1054930454,-0.01337180291,0.008408754383,0.01215020883
2026-02-05,674.0379639,113610800,595.6236572,89354500,196.9507904,36587400,21.77,4.21,0.74,1.67,62.9,118.5034,0.2921953969,1.287564372,-0.01248928406,-0.01439528366,0.1136125659,-0.02569408272,0.005386547197,0.006046503335
2026-02-06,686.9692383,89127600,608.2138672,78019300,200.6208191,26921600,17.76,4.22,0.72,1.65,63.77,118.2407,0.2920375585,0.2483269073,0.01918478648,0.02113786081,0.1340799371,-0.007002231736,-0.0128435447,-0.01267940836
2026-02-09,690.2816162,73885200,612.8728638,56797600,200.7398529,14600900,17.36,4.22,0.74,1.64,64.53,117.6392,0.2908086326,-0.5103231469,0.004821726717,0.007660128835,0.1330751775,-0.002214267868,-0.01599538586,-0.02119424868
2026-02-10,688.4613037,65185700,610.029541,53938900,201.4540253,16784300,17.79,4.16,0.71,1.66,64.2,117.5216,0.2926148851,-1.035553808,-0.002637057771,-0.00463933537,0.1332649633,-0.004845486486,-0.008423413639,-0.00928910093
2026-02-11,688.3021851,76353900,611.6657104,58575100,201.8110962,18897200,17.65,4.18,0.66,1.67,64.8,117.4601,0.2932013011,-0.3743276712,-0.0002311221437,0.002682115084,0.1330934446,-0.005075488731,-0.01080991879,-0.01572314649
2026-02-12,677.6687012,118829000,599.2250977,81378900,199.1627197,38641100,20.82,4.09,0.62,1.68,63.08,117.5376,0.2938939328,1.345705825,-0.0154488597,-0.0203389083,0.1430320805,-0.02044593792,0.01197765562,0.01360216197
2026-02-13,678.1461182,96267500,600.5020752,69237500,201.2258606,29358500,20.6,4.04,0.64,1.72,63.05,117.5258,0.2967293555,0.4699936497,0.0007044991031,0.002131048155,0.1425843021,-0.01975584296,0.0009388208497,-0.00084737442
2026-02-17,679.2402954,81354700,599.8834839,69013800,200.8787231,29787300,20.29,4.05,0.62,1.7,62.53,117.7375,0.2957402918,-0.1984853729,0.001613483019,-0.001030123515,0.1428238279,-0.01817423565,0.006590004037,0.01092639755
2026-02-18,682.6621094,73570300,604.362915,64250700,201.9202118,20934100,19.62,4.09,0.62,1.67,65.33,117.8426,0.2957835348,-0.5253890386,0.005037707551,0.007467168663,0.1233572928,-0.01322808459,0.009995855065,0.01797658263
2026-02-19,680.8616943,58649400,602.0484009,60960800,201.4936829,15448200,20.23,4.08,0.61,1.68,66.66,118.2354,0.295939226,-1.331265443,-0.002637344324,-0.003829676015,0.1168776736,-0.0158305419,0.007041804039,0.009561371948
2026-02-20,685.7855835,100034000,607.3758545,74127300,202.4359741,27280200,19.09,4.08,0.6,1.69,66.69,117.9917,0.2951884364,0.8354152702,0.007231849289,0.008848879269,0.1182866432,-0.008713176702,-0.004989715565,-0.002496772766
2026-02-23,678.7827759,90558100,599.9932251,63859100,200.2141418,16437700,21.01,4.03,0.6,1.73,66.36,117.9395,0.2949605514,0.3620198829,-0.01021136604,-0.01215496029,0.1237552451,-0.0188355693,0.005847042988,0.01110730315
2026-02-24,683.7164917,73798700,606.4380493,55023700,201.8110962,19725000,19.55,4.04,0.61,1.73,65.62,117.9463,0.2951678051,-0.5704759667,0.00726847527,0.01074149499,0.1252921991,-0.0117039999,-0.01021298765,-0.01034754744
2026-02-25,689.4859009,56369500,615.2272949,55710700,201.93013,16772400,17.93,4.05,0.6,1.73,65.3,117.769,0.2928705718,-1.776385855,0.008438306301,0.01449322914,0.1283020101,-0.00336445554,-0.01157036001,-0.009615983676
2026-02-26,685.656189,71671000,607.8048096,96178900,203.0708008,23866200,18.63,4.02,0.6,1.75,65.1,117.9042,0.2961700106,-0.7746525159,-0.005554445579,-0.01206462297,0.1297337646,-0.008900213434,-0.01159145653,-0.0005417605501
2026-02-27,682.3637085,83308900,605.859375,68125200,203.3088684,16234500,19.86,3.97,0.59,1.8,66.96,117.8223,0.2979479505,-0.04067967565,-0.004801940859,-0.003200755472,0.1305700271,-0.01365941599,-0.01983998529,-0.01241578014
2026-03-02,682.7516479,87477200,606.6575317,75264600,202.9319305,22037000,21.44,4.05,0.58,1.78,71.13,118.667,0.2972265701,0.2290757736,0.000568522986,0.001317396035,0.130301131,-0.0130986587,-0.0118156268,-0.0005426844893
2026-03-03,676.7337036,105003100,600.1629028,97015500,200.442276,37315700,23.57,4.06,0.55,1.78,74.48,119.4341,0.2961907689,1.009575861,-0.008814250912,-0.01070559346,0.131978906,-0.02179745475,-0.004630215452,0.01028956473
2026-03-04,681.5083008,79182200,609.3112793,70943900,201.2457123,16696700,21.15,4.09,0.55,1.74,74.58,119.0705,0.2952945871,-0.2439196018,0.007055355958,0.01524315552,0.1319399226,-0.01489588759,-0.01284427349,-0.005010239452
2026-03-05,677.7084351,106606500,607.4755249,89602400,198.9147491,23144500,23.75,4.13,0.56,1.76,80.88,119.5683,0.2935108062,1.186334525,-0.005575670492,-0.003012835076,0.1323002116,-0.02038850352,-0.02238333149,-0.01913235356
2026-03-06,668.8256226,100687000,598.3371582,86302300,196.5441284,23634400,29.49,4.15,0.59,1.75,90.77,119.491,0.2938645318,0.9773493453,-0.01310712991,-0.01504318499,0.1330696718,-0.03322839867,-0.01500633462,-0.01005421111
2026-03-09,674.6845093,102667700,606.3283081,93068200,197.0995941,26828200,25.5,4.12,0.56,1.78,94.65,119.5151,0.2921359412,1.013268745,0.008759961522,0.01335559691,0.1169340144,-0.02475951664,-0.01362281325,-0.01214294263
2026-03-10,673.6002808,81505300,606.3383179,64078900,195.6216736,19304300,24.93,4.15,0.58,1.77,83.71,118.7255,0.2904121022,-0.1385666266,-0.001607015576,1.65088212e-05,0.1149898843,-0.02632674329,-0.009436252312,-0.007338351865
2026-03-11,672.7548218,68441700,606.2584839,60114800,194.9769287,16887500,24.23,4.21,0.57,1.84,86.8,119.2885,0.2898187013,-1.025799216,-0.001255134549,-0.0001316657418,0.1148649725,-0.02754883423,-0.02203074372,-0.02104684223
2026-03-12,662.5390625,108882200,595.8530884,71836600,191.9615784,24793800,27.29,4.27,0.51,1.84,95.61,119.8227,0.2897362423,1.166964128,-0.01518496627,-0.0171632988,0.1251225623,-0.04231547238,-0.009398583515,-0.007099134982
2026-03-13,658.7890015,97200200,592.3213501,63145500,191.9516449,13023200,27.19,4.28,0.55,1.83,98.48,120.5518,0.2913704456,0.708798544,-0.005660135753,-0.005927196401,0.1154931329,-0.04773609682,-0.01804152628,-0.01963884524
2026-03-16,665.4934082,82023100,598.9656982,49077200,193.3799896,12128800,23.51,4.23,0.55,1.85,93.39,120.097,0.290581375,-0.1244814214,0.01017686501,0.01121747197,0.122452531,-0.03804503562,-0.01772742631,-0.01938532549
2026-03-17,667.2440186,87128000,601.8887939,47106600,194.4611511,10977500,22.37,4.2,0.52,1.85,96.01,119.8328,0.2914393321,0.1718173619,0.002630544991,0.004880238905,0.1227836154,-0.03551456981,-0.02359321508,-0.03081942364
2026-03-18,657.9335327,82062600,593.4986572,56128000,191.9020538,12514600,25.09,4.26,0.5,1.81,96.12,119.9276,0.2916739219,-0.1704728818,-0.01395364452,-0.01393967923,0.1290276392,-0.04897265664,-0.004257771381,-0.01065531235
2026-03-19,656.3121338,111272500,591.6230469,75597600,191.7532806,17371100,24.06,4.25,0.46,1.81,96.11,120.1802,0.2921678128,1.349702786,-0.002464381043,-0.00316026048,0.129014419,-0.0513163504,-0.01962444404,-0.03120728943
2026-03-20,646.9034424,163617500,580.6888428,91964700,188.9362946,15312100,26.78,4.39,0.51,1.79,98.71,120.2757,0.2920625895,2.669953751,-0.01433569627,-0.0184817075,0.131669332,-0.06491639105,-0.02232606771,-0.0322485607
2026-03-23,653.6959229,134802700,587.3545532,89936100,190.9504852,15965500,26.15,4.34,0.51,1.79,89.33,119.9371,0.292109035,1.59527408,0.01049999123,0.01147897111,0.1368015058,-0.05509802136,-0.03571974782,-0.0505442203
2026-03-24,651.5015869,96457500,583.3389282,57750900,191.1795959,15258500,26.95,4.39,0.49,1.75,93.18,120.1295,0.2934445591,0.1656645709,-0.003356814477,-0.006836798962,0.1325454238,-0.058269882,-0.004347959688,-0.01164424518
2026-03-25,655.1322021,90653800,587.1747437,60475500,192.1060181,14017300,25.33,4.33,0.49,1.76,91.51,120.1282,0.293232446,-0.2241018016,0.005572688244,0.006575620525,0.1298061379,-0.05302191365,-0.002405511024,-0.005971245509
2026-03-26,643.432373,96494400,573.1600952,81492100,190.3428497,17145700,27.44,4.42,0.46,1.73,96.18,120.389,0.2958241731,0.005821485021,-0.01785872998,-0.0238679347,0.1405258026,-0.06993373959,0.01664883956,0.01950194103
2026-03-27,632.4606323,103649400,561.9624634,82702200,187.7329559,13998800,31.05,4.44,0.56,1.78,101.26,120.8851,0.2968294726,0.3186074924,-0.01705189416,-0.01953665639,0.1489286813,-0.08579313102,0.0391742708,0.04607343411
2026-03-30,630.3460693,99275900,557.6671753,70602600,187.3444672,10947400,30.61,4.35,0.53,1.79,104.69,121.2851,0.2972089084,0.06406853839,-0.003343390687,-0.007643371872,0.1480697235,-0.08884968176,0.04311906263,0.05429176172
2026-03-31,648.6688843,152534100,576.5463867,95878000,191.1795959,19696500,25.25,4.3,0.51,1.79,102.86,121.035,0.294726016,1.960413286,0.02906786578,0.03385390473,0.1873820169,-0.06236448659,0.03947170207,0.05008841711
2026-04-01,653.5562744,97841500,583.6685791,79435100,191.7971954,17589200,24.54,4.33,0.52,1.75,101.9,120.1198,0.2934669943,-0.1507438545,0.00753449141,0.01235319923,0.1876982516,-0.05529987987,0.0376502657,0.04429161422
2026-04-02,654.1447754,68358700,584.3378296,50941700,192.3450775,10796600,23.87,4.31,0.52,1.74,113.23,120.503,0.2940405316,-1.62923103,0.0009004595313,0.001146627576,0.1874812619,-0.05444921565,0.03603067056,0.04459988734
2026-04-06,657.2368164,39105800,587.8540039,35108500,193.1718903,4600400,24.17,4.34,0.5,1.7,114.01,120.4302,0.2939151999,-2.870717441,0.004726845084,0.006017365535,0.1837420693,-0.04997974357,0.0412334763,0.04909089021
2026-04-07,657.526001,69980400,587.9439087,49948200,192.7435455,8382700,25.78,4.33,0.52,1.75,114.58,120.32,0.2931344848,-0.8895406701,0.0004400005646,0.0001529372677,0.1803364868,-0.04956173412,0.05345725657,0.06797587802
2026-04-08,674.2729492,93606100,605.4246826,63086000,197.1963043,11173900,21.04,4.29,0.5,1.73,96.17,119.0596,0.2924576828,0.01929799642,0.02546963651,0.0297320436,0.203679376,-0.02535441696,0.03539882368,0.05165900179
2026-04-09,678.1628418,57134400,609.5202026,37837500,197.3158417,7321100,19.49,4.29,0.51,1.73,99.62,118.8998,0.2909564333,-1.482575105,0.005769017699,0.00676470606,0.2045709997,-0.01973166934,0.03198959231,0.04962379257
2026-04-10,677.7140503,42253500,610.399231,34038500,195.8913422,6701900,19.23,4.31,0.5,1.72,98.34,118.8552,0.2890471904,-2.014020764,-0.0006617754266,0.001442164372,0.1961439691,-0.02038038683,0.04515355152,0.0618258714
2026-04-13,684.3369751,54185800,616.7122803,32972100,198.0629425,5789300,19.12,4.3,0.52,1.72,100.72,118.9916,0.2894231201,-1.20181287,0.009772447246,0.01034249225,0.1966288721,-0.01080710584,0.03296888731,0.04761973569
2026-04-14,692.6755371,63480500,627.9099121,49921100,198.88974,10283900,18.36,4.26,0.5,1.7,93.07,118.3581,0.2871326174,-0.738715212,0.01218487721,0.01815697886,0.1978648521,0,0.01385248268,0.02502392183
2026-04-15,698.1414185,58240400,636.7003174,50102400,198.9594727,8666800,18.17,4.29,0.53,1.69,93.04,118.3623,0.2849844851,-0.8904003461,0.007890969227,0.01399946888,0.1989381599,0,0.01610144961,0.0277847384
2026-04-16,699.8569946,49972400,639.7669067,42320600,199.8659668,9802500,17.94,4.32,0.54,1.71,96.46,118.3616,0.2855811521,-1.169805252,0.002457347647,0.004816377928,0.1894116325,0,0.009677095549,0.0170968335
2026-04-17,708.3152466,70661900,648.1376953,53488900,202.376236,10807200,17.48,4.26,0.55,1.72,85.91,118.0795,0.2857149228,-0.2711265214,0.0120856861,0.01308412249,0.1907175635,0,0.005351038519,0.02316413613
2026-04-20,706.8988037,43546800,646.0799561,37138500,203.0137787,6061800,18.87,4.26,0.54,1.72,91.06,118.2374,0.2871893086,-1.370408146,-0.001999735115,-0.003174848914,0.1797977854,-0.001999735115,0.009100979724,0.02696399768
2026-04-21,702.270813,58941400,643.6226807,39580500,201.7686005,8702400,19.5,4.3,0.52,1.7,93.64,118.4331,0.2873088227,-0.5082037114,-0.006546892849,-0.003803361128,0.1824222432,-0.008533535912,0.01080835616,0.0205174643
2026-04-22,709.3825073,42518500,654.3908691,37368400,201.6789398,7198100,18.92,4.3,0.51,1.69,94.76,118.6004,0.2843021046,-1.268489658,0.0101267121,0.01673059201,0.1818283781,0,0.0005201968626,0.009860896849
2026-04-23,706.6295776,56174000,650.704895,40099800,201.6689758,10703900,19.31,4.34,0.51,1.68,99.27,118.7155,0.285395605,-0.4549685475,-0.003880740868,-0.005632679634,0.1840520863,-0.003880740868,0.014411675,0.02505292816
2026-04-24,712.1054688,45182000,663.1512451,45563100,201.2505951,8816800,18.71,4.31,0.53,1.7,98.42,118.7294,0.2826134666,-0.9514231447,0.007749309237,0.01912748804,0.1654950487,0,0.009398536196,0.01546966563
2026-04-27,713.3322754,33135900,663.5008545,32717000,201.0115204,6866800,18.02,4.35,0.57,1.7,99.89,118.5458,0.2817922689,-1.606036264,0.001722787838,0.0005271940264,0.144154778,0,0.003971084352,0.01302259503
2026-04-28,709.8612061,43117400,656.828186,34147900,199.9854889,6560200,17.83,4.36,0.52,1.7,103.45,118.7717,0.2817247755,-0.8150033286,-0.004865992267,-0.0100567594,0.1455683395,-0.004865992267,0.01697375646,0.03659034409
2026-04-29,709.7515259,41859200,660.84375,31724900,199.6368561,8269200,18.81,4.42,0.5,1.69,110.47,119.0975,0.2812771073,-0.9054902014,-0.000154509325,0.006113568282,0.1186016336,-0.005019749751,0.03126842176,0.05169523898
2026-04-30,716.8132935,67240900,667.006958,40622200,202.6551666,9591200,16.89,4.4,0.52,1.7,108.64,118.671,0.2827168085,0.9128619406,0.009949633528,0.009326271161,0.1197160682,0,0.01797796014,0.04073445665
2026-05-01,718.7982178,43049800,673.4099731,39172600,202.0375519,13811300,16.99,4.39,0.51,1.69,105.38,118.3926,0.2810768681,-0.7470212971,0.002769095292,0.009599622702,0.1191206912,0,0.02354818248,0.05500252013
2026-05-04,716.164978,51950600,672.1413574,34542000,200.8621063,9495200,18.29,4.45,0.5,1.69,109.76,118.8264,0.2804690434,-0.06287112529,-0.003663392147,-0.001883868332,0.1228085324,-0.003663392147,0.02965139483,0.0600552252
2026-05-05,721.9102173,36933200,680.8617554,37101100,202.4559326,6566000,17.38,4.43,0.5,1.65,105.66,118.6207,0.2804447531,-1.314306652,0.008022228724,0.01297405353,0.1225715148,0,0.01990957388,0.03760215267
2026-05-06,731.9443359,53288900,695.0062256,38778500,204.0597229,10908200,17.39,4.36,0.49,1.66,98.75,118.0982,0.2787913136,0.3469558675,0.01389939969,0.0207743644,0.1016810357,0,0.01155578437,0.02722169931
2026-05-07,729.7001343,51724600,694.177124,43779100,202.7547607,10151400,17.08,4.41,0.49,1.65,98.38,118.0116,0.2778603857,0.2270085344,-0.003066082419,-0.001192941203,0.1045885368,-0.003066082419,0.02267693605,0.03575844264
2026-05-08,735.7246094,47227100,710.4492188,44320400,203.3126221,8492500,17.19,4.38,0.48,1.65,98.87,118.0392,0.2763433756,-0.2597291935,0.008256097011,0.02344083976,0.1044580007,0,0.002101357611,-0.003233762887
2026-05-11,737.4002686,44024000,712.506958,36019100,203.2030487,7428700,18.38,4.42,0.47,1.65,101.56,118.0562,0.2755668222,-0.561752076,0.002277563042,0.002896391753,0.1024624761,0,-0.0008791906612,-0.01038846763
2026-05-12,736.2831421,54185300,706.463623,45873000,203.0237274,9576200,17.99,4.46,0.46,1.66,105.78,118.5238,0.2757413769,0.5510240761,-0.001514952615,-0.008481790799,0.09900507146,-0.001514952615,-0.006028302624,-0.008073556982
2026-05-13,740.4025269,44200200,713.9254761,40012500,202.1371613,7388900,17.87,4.46,0.48,1.66,104.52,118.4737,0.2730098209,-0.4577608993,0.005594837815,0.01056226079,0.09785268412,0,-0.0014279408,-0.002182704815
2026-05-14,746.2474976,45307600,718.9998169,33327500,202.8743134,9841600,17.26,4.47,0.47,1.62,104.66,118.6696,0.271859288,-0.2982362856,0.007894314905,0.00710766178,0.09937295879,0,-0.007284493649,-0.00733542596
2026-05-15,737.2706299,60410800,708.1517944,51792700,200.7824097,8957400,18.43,4.59,0.5,1.62,108.99,119.2825,0.2723320332,1.393940707,-0.01202934376,-0.01508765678,0.1074209554,-0.01202934376,0.008753053328,0.01214503016
2026-05-18,736.7519531,47843900,705.1051025,49834500,202.0176239,13792400,17.82,4.61,0.54,1.59,112.25,119.0574,0.2742003235,0.01148535395,-0.0007035093177,-0.004302314728,0.1068736449,-0.01272439032,0.01616468439,0.03456689071
2026-05-19,731.8446045,54255900,700.7599487,46827500,200.8421783,10548600,18.06,4.67,0.54,1.57,112.09,119.451,0.2744328196,0.7923299512,-0.006660788087,-0.006162420032,0.1069964435,-0.01930042394,0.02280130456,0.03979871183
2026-05-20,739.3452759,45768000,712.3671875,36779200,203.0436554,18985500,17.44,4.57,0.53,1.59,101.69,119.1624,0.2746262971,-0.2547259924,0.01024899458,0.01656378734,0.1071191326,-0.009249239297,0.01801008847,0.03147996337
2026-05-21,740.8114624,43332200,713.725647,36415400,203.9202728,11504200,16.76,4.57,0.49,1.59,100.2,119.369,0.2752660875,-0.5185484156,0.001983087701,0.001906965251,0.1047791965,-0.007284493649,0.01852653625,0.03330952845
2026-05-22,743.723999,41762000,716.7523193,33118600,205.7830505,11148200,16.7,4.56,0.43,1.57,100.35,119.2868,0.2766927661,-0.7140067093,0.003931549077,0.004240666391,0.103049132,-0.003381583916,0.0173005326,0.03512003045
2026-05-26,748.6613159,41123600,729.4783936,34254700,206.8389587,10318200,17.01,4.5,0.49,1.56,97.63,119.1696,0.276278411,-0.9832651421,0.006638641352,0.01775519085,0.1042213639,0,0.01196390008,0.02174497275
2026-05-27,748.5316162,42106300,728.649292,35148700,206.6895447,9745500,16.29,4.48,0.48,1.57,92.35,119.1829,0.2761266728,-0.8074337392,-0.0001732421647,-0.001136567676,0.1011437886,-0.0001732421647,0.005036879659,0.02023439064
2026-05-28,752.6609497,41562600,734.7924805,32840000,207.4466095,6643900,15.74,4.45,0.46,1.57,92.65,119.0318,0.2756176065,-0.8919293159,0.005516578601,0.008430926296,0.101042806,0,0.003299815912,0.006810789079
2026-05-29,754.5361328,55075700,737.4995117,37541700,208.0243683,8578100,15.32,4.45,0.47,1.57,91.16,118.8783,0.2756983519,1.267812248,0.002491404803,0.003684075874,0.09760846124,0,-0.02502378194,-0.04503528538
2026-06-01,756.5908203,43634900,741.9246826,33890600,208.4029083,8484900,16.05,4.47,0.42,1.54,95.96,119.1653,0.2754499562,-0.5751575689,0.002723113461,0.006000235699,0.09760745136,0,-0.02547002319,-0.03590761663
2026-06-02,757.6182251,31581900,745.3408813,30085200,209.2296906,8103000,15.77,4.46,0.41,1.54,97.47,119.0359,0.2761677104,-2.445068716,0.001357939797,0.004604508801,0.09493609116,0,-0.02964838682,-0.05136965352
2026-06-03,752.3018799,51402500,743.3930664,40270200,208.442749,9765200,16.06,4.49,0.41,1.54,99.76,119.3848,0.2770732795,0.685967734,-0.00701718232,-0.002613320952,0.0989603039,-0.00701718232,-0.03819738151,-0.06788405872
2026-06-04,755.1445923,49923000,739.7969971,40782600,210.0166473,10142800,15.4,4.47,0.42,1.54,96.83,119.3615,0.2781144823,0.5159661673,0.003778685762,-0.004837372715,0.0889454726,-0.003265012285,-0.02553197715,-0.03171712442
2026-06-05,735.6547852,93989400,704.2860107,99606600,207.0282288,10969800,21.51,4.55,0.38,1.51,94.32,120.0831,0.2814203522,3.188413369,-0.02580937125,-0.04800098739,0.1312612598,-0.02899011562,0.005694531007,0.02309025843
2026-06-08,737.3204346,49319100,715.2839355,47401500,206.8090668,7771400,18.92,4.56,0.41,1.52,95,120.034,0.2804873662,0.1382452338,0.002264172609,0.01561570816,0.1282164384,-0.02679158164,0.0211169331,0.03900458495
2026-06-09,735.1560669,87683500,707.0529785,91932200,208.3829803,17170300,19.87,4.53,0.4,1.53,91.9,119.9617,0.2834540715,2.278184262,-0.002935450551,-0.01150725834,0.1283987072,-0.02964838682,0.0180178213,0.03112326658
2026-06-10,723.565918,60341300,692.9285278,65334300,205.7332306,11015800,22.22,4.55,0.42,1.53,93.68,119.9134,0.2843323953,0.7543406821,-0.01576556251,-0.0199765097,0.1398998261,-0.04494652584,0.02140801815,0.04154588666
2026-06-11,735.8642578,86330500,716.3327637,71798900,208.9408112,16751800,19.44,4.45,0.4,1.55,91.58,120.1174,0.2839393393,1.844858217,0.01699684789,0.03377582954,0.1521654496,-0.02871362721,0.01477953618,0.03277002582
2026-06-12,739.8439941,57079500,720.5481567,51168400,210.8334808,11412500,17.68,4.48,0.39,1.53,88.62,119.5073,0.2849701863,0.3250246092,0.005408247902,0.005884685554,0.1506460247,-0.02346066973,0.006144566346,0.02415085696
2026-06-15,752.8903809,60176400,743.1832886,46710200,212.0587463,7980500,16.2,4.47,0.4,1.53,84.65,119.3158,0.2816595241,0.5154179988,0.01763396989,0.0314137669,0.1569102908,-0.006240404575,-0.02564830719,-0.03973887009
2026-06-16,748.4019775,67093100,729.0587769,45348700,211.3514709,6167000,16.41,4.43,0.38,1.55,79.8,119.256,0.2824036778,0.8309864144,-0.005961562844,-0.01900542159,0.1588083756,-0.01216476486,-0.02025914917,-0.02529121427
2026-06-17,739.0560303,85945200,721.7168579,51669300,208.1837463,11355500,18.44,4.49,0.29,1.5,80.65,119.3871,0.2816887189,1.516756552,-0.01248787089,-0.01007040746,0.1637259225,-0.02450072373,-0.006435293517,-0.007394663113
2026-06-18,746.7399902,80875700,739.8070068,50154600,209.1500092,10811900,16.4,4.46,0.27,1.51,80.35,120.3958,0.2800841148,1.184413594,0.01039699244,0.02506543768,0.1638431113,-0.01435846513,-0.02376998719,-0.04499414982
2026-06-22,744.3900146,46628100,737.9500122,43518600,209.6100006,7256400,17.28,4.51,0.27,1.51,78.94,120.5463,0.2815862605,-0.5909433439,-0.003146979694,-0.002510106841,0.1642587965,-0.01746025902,-0.004554083991,-0.01879530441
2026-06-23,733.5800171,66846800,713.6500244,53354200,208.8899994,10942600,19.49,4.5,0.34,1.51,74.62,121.0552,0.2847542116,0.5026633603,-0.01452195401,-0.03292904315,0.1717268277,-0.03172865595,0.01798031862,0.03187837066
2026-06-24,733.2399902,57439500,710.6199951,52480400,210.3800049,8243700,18.63,4.41,0.3,1.52,71.42,121.412,0.2869183455,-0.05147057643,-0.0004635170636,-0.00424581965,0.1695764369,-0.03217746624,0.01707492731,0.02047506106
2026-06-25,734.2999878,53934400,716.3800049,49668000,211.75,13830900,18.89,4.4,0.31,1.54,72.67,121.0559,0.2883698809,-0.3172846806,0.001445635225,0.008105611727,0.1697765603,-0.0307783479,0.01427215263,-0.005276570076
2026-06-26,728.9899902,71034000,706.5200195,47081800,210.3099976,16750500,18.41,4.38,0.31,1.56,70.3,120.8866,0.2884950416,0.5737266034,-0.007231373617,-0.01376362445,0.1694115796,-0.03778715178,0.03057660511,0.02307080811
2026-06-29,741,58035200,724.0800171,44939100,213.0500031,11408000,17.65,4.38,0.28,1.55,71.87,120.9525,0.2875168732,-0.1697042502,0.01647486238,0.02485421088,0.1807214172,-0.02193482753,0.009055360287,-0.02023260423
2026-06-30,746.7700195,55626000,736.4000244,42121800,212.7700043,9001600,16.45,4.44,0.3,1.53,70.56,120.9248,0.2849203888,-0.3824255759,0.007786800987,0.01701470422,0.182927069,-0.01431882868,-0.001834560951,-0.0338946512
2026-07-01,745.7600098,47100900,725.1699829,40803800,213.4100037,12587500,16.59,4.48,0.31,1.54,69.74,121.1455,0.2861644509,-1.286980388,-0.001352504438,-0.01524992006,0.1827972576,-0.01565196683,0.007978454368,-0.002606221517
2026-07-02,744.7800293,57447800,712.5999756,50959800,214.9100037,10679600,16.15,4.49,0.35,1.54,69.73,120.6902,0.2885550031,-0.4304796148,-0.001314069481,-0.01733387705,0.1813086179,-0.01694546854,0.01365501559,0.01811680413
2026-07-06,751.2800293,50673300,722.8200073,30220400,215,6442400,15.57,4.48,0.35,1.56,69.6,120.835,0.2861782446,-1.009241548,0.008727409093,0.01434189179,0.1836714628,-0.008365949486,-0.002808601726,-0.01532887438
2026-07-07,747.710022,43721500,709.4299927,42483100,214.7299957,8044100,16.13,4.55,0.36,1.55,71.53,120.8145,0.2871835196,-1.55347679,-0.004751899671,-0.01852468735,0.1581562851,-0.013078095,0.005510150989,0.01446232873
2026-07-08,745.4000244,43767400,711.4400024,35603200,212.1999969,13646800,16.9,4.56,0.35,1.56,74.56,121.1307,0.2846793534,-1.466999073,-0.003089429713,0.0028332743,0.1586667797,-0.01612712086,0.012624058,0.008855262245
2026-07-09,751.710022,41441700,723.2800293,33654700,213.5,7278100,15.84,4.54,0.38,1.56,73.15,120.753,0.2840190948,-1.565136371,0.008465250003,0.01664234063,0.1604554385,-0.00779839097,-0.001317065412,-0.02397415407
2026-07-10,754.9500122,42191300,725.5100098,26415900,214.3000031,5540400,15.03,4.56,0.35,1.58,72.45,120.5046,0.2838598577,-1.330834326,0.004310159689,0.003083149511,0.1476801204,-0.003521843591,-0.01544477646,-0.04159831328
2026-07-13,749.1699829,44013600,711.7399902,36552400,214.2299957,6899100,17.16,4.62,0.36,1.56,79.2,120.7413,0.2859564593,-1.067132334,-0.007656174851,-0.01897977884,0.1406016105,-0.01115105459,-0.009450400064,-0.02203050677
2026-07-14,751.8300171,35143100,719.6900024,29448100,213.4499969,9049600,16.5,4.58,0.4,1.6,80.44,120.4728,0.2839072558,-1.814614291,0.003550641697,0.0111698265,0.1399707162,-0.007640006293,-0.004721795768,-0.01489534619
2026-07-15,754.8099976,43844800,717.7399902,32627600,212.9700012,8412500,15.67,4.55,0.42,1.6,80.73,120.3088,0.2821504775,-0.8023415911,0.00396363593,-0.002709516876,0.1259239281,-0.003706652567,-0.009803824059,-0.0172625391
2026-07-16,750.7199707,46409800,705.9400024,39402000,215.0599976,7125000,16.73,4.57,0.41,1.59,80.03,120.331,0.2864716618,-0.4978153531,-0.005418617756,-0.01644047699,0.1255883176,-0.00910518539,-0.01670393558,-0.01980335499
2026-07-17,743.289978,62651000,695.3300171,54109300,213.3699951,12176200,18.77,4.55,0.37,1.59,83.43,120.5315,0.2870615795,0.9550818269,-0.009897156018,-0.01502958511,0.1224178596,-0.01891222597,-0.005865793271,-0.01596369544
2026-07-20,742.0900269,50422300,696.0599976,29687600,212.4199982,6433000,18.65,4.6,0.39,1.61,84.38,120.5401,0.2862455908,0.03096754461,-0.001614378247,0.001049833102,0.1165818127,-0.02049607273,-0.004042636192,-0.02002701274
2026-07-21,748.2800293,34324300,708.9699707,33728300,212.7599945,6363400,17.05,4.63,0.37,1.6,86.04,120.5779,0.2843320497,-1.840842258,0.008341309299,0.01854721316,0.11992758,-0.01232572751,-0.009916132537,-0.04722341122
2026-07-22,747.4099731,32836200,705.3499756,23692200,212.6999969,4234900,16.64,4.67,0.36,1.58,87.66,120.5736,0.2845827653,-1.825314831,-0.001162741378,-0.005105992167,0.1066921263,-0.01347413726,-0.02401620505,-0.06184163412
2026-07-23,738.1799927,55437300,691.960022,44028600,211.9199982,7189700,18.7,4.71,0.34,1.58,93.08,120.9075,0.2870844513,0.7554711807,-0.01234928727,-0.01898341827,0.1166648511,-0.02565702854,0.004754951097,-0.01215393074
2026-07-24,738.9299927,44782000,684.2299805,42876700,213.5700073,7269100,18.58,4.69,0.36,1.59,91.74,120.7105,0.2890260369,-0.2548661307,0.001016012365,-0.01117122559,0.1166218543,-0.02466708403,0.01096184578,0.005495242642
2026-07-27,739.0900269,41461200,682.1199951,42681500,215.1799927,6002000,18.67,4.65,0.34,1.61,84.25,120.7739,0.291141789,-0.5703828682,0.0002165755637,-0.003083737065,0.1131537353,-0.02445585075,0.02513896194,0.02631503597
2026-07-28,740.8599854,47322200,675.4899902,51398700,217.6900024,12864200,18.21,4.61,0.35,1.62,80.91,120.6247,0.2938342018,0.2434314548,0.002394780652,-0.009719704642,0.09702838246,-0.0221196365,0.04112792206,0.07159245296
2026-07-29,729.460022,70697200,661.7299805,57233300,215.7299957,12991700,20.66,4.67,0.45,1.6,86.08,120.7892,0.2957392992,2.251996033,-0.01538747348,-0.02037041254,0.1067691228,-0.03716674466,0.05528741102,0.08397686211
2026-07-30,741.6900024,66811300,683.5499878,66753700,215.3800049,13366300,17.09,4.68,0.45,1.64,85.15,119.6753,0.2903908697,1.708279779,0.0167657995,0.0329741858,0.1242527658,-0.02102407536,0.03622806702,0.04549782339
2026-07-31,747.0300293,62445900,687.9899902,50540500,215.0099945,9729500,15.99,4.75,0.47,1.63,86.16,119.7034,0.2878197476,1.332048775,0.007199809675,0.006495505114,0.1269272141,-0.01397563502,0.03511235083,0.05093103033
2026-08-03,757.6699829,59927500,700.0700073,44965100,217.1100006,8530300,15.86,4.7,0.45,1.61,81.96,119.6951,0.2865495605,1.068669544,0.01424300657,0.01755841983,0.1332074089,0,0.02027273976,0.02971129684
2026-08-04,771.3300171,69154800,723.8499756,59778600,220.2299957,9185200,16.5,4.63,0.43,1.64,77.33,119.5977,0.2855198046,1.514492636,0.01802900272,0.03396798608,0.1453806427,0,-0.000998301005,-0.007460058798
2026-08-05,769.789978,44689100,717.2999878,33540200,219.7299957,8105900,15.81,4.63,0.45,1.62,76.78,119.3881,0.2854414866,-0.3503407122,-0.00199660201,-0.009048819526,0.1449646632,-0.00199660201,0.003507466042,0.008922381881
2026-08-06,768.5599976,38416900,714.6500244,33035900,218.5800018,5486000,15.15,4.69,0.44,1.61,78.88,119.5113,0.2844020018,-0.9660319333,-0.001597813045,-0.0036943586,0.1430791423,-0.003591224858,0.01212658394,0.02437554371
2026-08-07,773.2600098,43586300,723.0300293,31070400,220.0899963,6233700,14.9,4.65,0.46,1.64,79.77,119.0649,0.28462612,-0.4431914918,0.006115348472,0.01172602616,0.1437502816,0,0.003983158383,0.0111198397
2026-08-10,773.0300293,39249500,720.8699951,26243200,220.2200012,6332900,15.46,4.72,0.47,1.62,83.76,119.1187,0.2848789735,-0.8481456016,-0.0002974167367,-0.002987475059,0.1400369336,-0.0002974167367,-0.0004657598969,0.01248491415
2026-08-11,770.5599976,36740600,718.4500122,29286100,220.6900024,7213700,15.28,4.7,0.48,1.64,84.77,119.179,0.2864021013,-1.14569785,-0.00319525975,-0.003357030986,0.1408392763,-0.003491726163,-0.00403600675,-0.001308375566
2026-08-12,772.4899902,33179100,723.7000122,29066000,221.0800018,4791400,14.55,4.68,0.48,1.66,84.97,119.1179,0.286191413,-1.433600395,0.00250466243,0.007307397746,0.1405639155,-0.0009958093287,-0.004440177503,-0.01052921789
2026-08-13,777.8800049,35634500,732.0700073,31599700,222.7299957,6406600,14.63,4.63,0.48,1.67,82.77,119.1848,0.2863295037,-1.062405614,0.006977455652,0.0115655589,0.1397122124,0,-0.01964317016,-0.02887703968
2026-08-14,776.3400269,31367900,731.0700073,23790600,222.7700043,3810100,14.25,4.68,0.51,1.69,83.99,118.9028,0.2869490128,-1.390760214,-0.001979711546,-0.001365989577,0.1336019887,-0.001979711546,-0.01367964524,-0.02411534423
2026-08-17,772.6699829,34356600,729.8699951,26452600,220.7899933,5091500,15.19,4.72,0.53,1.69,86.04,118.814,0.285749412,-0.9543631212,-0.004727366641,-0.001641446366,0.1352312528,-0.006697719365,-0.01190678092,-0.03226600347
2026-08-18,767.4500122,43920900,717.5100098,48997200,219.7899933,5623700,15.84,4.71,0.52,1.68,86.48,118.9831,0.2863899795,-0.09541040996,-0.006755757074,-0.01693450263,0.1365358127,-0.01340822827,-0.002006696251,-0.009463337055
2026-08-19,769.0599976,40306000,716.0800171,35801700,222.0700073,7591600,14.89,4.65,0.46,1.64,87.28,118.3328,0.2887551141,-0.4761171973,0.002097837417,-0.001992993347,0.136245814,-0.01133851914,-0.003874834835,-0.006577507904
2026-08-20,762.5999756,45520300,710.9299927,33396400,220.2799988,5567000,16.01,4.69,0.5,1.64,89.75,118.2548,0.2888539284,0.0406931754,-0.008399893367,-0.007191967785,0.1315764678,-0.01964317016,0.01114607956,0.01431926178
2026-08-21,765.7199707,39188700,713.4400024,33399400,221.6699982,5220500,15.13,4.74,0.5,1.63,87.21,118.0628,0.2894922513,-0.5263827905,0.004091260447,0.003530600469,0.1318290556,-0.01563227503,0.004740642822,0.004190948397
2026-08-24,763.4699707,32430900,706.3200073,37443100,221.9299927,4822900,15.85,4.7,0.46,1.63,86.34,118.3195,0.2906859486,-1.181950964,-0.00293841102,-0.009979809224,0.1328084508,-0.018524752,0.00468913936,0.01478083918
2026-08-25,765.9099731,27422300,710.7199707,23869600,221.7700043,5598400,15.45,4.64,0.47,1.62,83.9,118.2283,0.2895510074,-1.595038628,0.003195937673,0.006229419149,0.1328978842,-0.01538801828,-0.005392205341,-0.004333571845
2026-08-26,766.0800171,28751600,711.3699951,20392400,222.1100006,4612400,15.21,4.66,0.47,1.61,83.46,118.4461,0.2899305499,-1.323736454,0.0002220155779,0.0009145998999,0.1168665409,-0.01516941909,-0.001200976301,-0.0029942293
2026-08-27,771.0999756,34557100,721.1099854,28723500,221.4499969,5197400,14.51,4.67,0.47,1.6,84.81,118.3583,0.2871871404,-0.5705085835,0.006552786111,0.01369187666,0.1053622202,-0.008716034934,0.002684486305,-0.004770426858
2026-08-28,769.3499756,36744300,716.4299927,34105400,220.6900024,5412500,14.43,4.73,0.39,1.54,84.57,118.7479,0.2868525501,-0.2379487392,-0.002269485223,-0.006489984567,0.1044826003,-0.01096573924,0.001091865708,0.00353143967
2026-08-31,767.0499878,38810800,716.7600098,32237200,219.3899994,6092400,14.92,4.75,0.41,1.59,87.03,118.5679,0.2860178644,0.1163005534,-0.00298952085,0.000460641086,0.09396994025,-0.01392247779,-0.001420984079,0.002232233334
2026-09-01,761.7800293,41126300,707.6400146,35236100,217.5899963,6899700,16.34,4.79,0.4,1.58,91.48,118.6568,0.2856336317,0.7519833789,-0.006870423805,-0.01272391734,0.0717742146,-0.02069724827,0.0008138768323,0.01225196813
2026-09-02,765.1599731,29566200,709.2399902,23476200,218.6000061,5988800,15.2,4.79,0.4,1.58,92.15,118.5296,0.2856918994,-1.411210465,0.004436902672,0.002261002138,0.07373556195,-0.01635217727,-0.009579638653,-0.0007754607757
2026-09-03,773.1699829,43531600,717.6699829,29449800,220.0500031,5445800,14.32,4.77,0.43,1.57,92.55,118.127,0.2846075351,1.199366617,0.0104684119,0.01188595228,0.08278435563,-0.006054946705,-0.01148519094,-0.003887550119
2026-09-04,770.1900024,34054200,718.960022,32871100,219,4442200,14.53,4.78,0.41,1.56,92.69,118.0732,0.2843454204,-0.383255837,-0.003854237147,0.001797537995,0.08106081643,-0.009885846651,-0.01208792315,-0.01360302242
2026-09-08,765.960022,44746100,718.3599854,28341400,216.7299957,6504200,15.72,4.8,0.41,1.57,94.21,117.9127,0.2829520987,1.40936309,-0.005492125911,-0.0008345896889,0.0832234911,-0.01532367825,-0.01118858306,-0.01923827552
2026-09-09,762.4000244,32812400,716.3099976,26763400,214.6399994,7038800,16.46,4.83,0.4,1.55,97.26,117.8834,0.2815319944,-0.6123821853,-0.004647758965,-0.002853705433,0.08401577448,-0.01990021645,,
2026-09-10,757.8300171,42740400,708.6900024,31414400,213.1699982,8029900,17.84,4.95,0.39,1.51,97.26,118.0787,0.2812899903,1.023962682,-0.005994238166,-0.01063784555,0.08536466377,-0.02577516798,,
2026-09-11,764.289978,45512700,714.8800049,26649100,214.8699951,5318400,15.84,4.96,0.33,1.5,97.26,118.2126,0.281136743,1.287653249,0.008524287494,0.008734428904,0.08742023416,-0.01747059543,,
2026-09-14,760.8800049,43992400,709.1799927,35219000,215.0099945,6726300,17.1,4.97,0.32,1.47,97.26,118.2126,0.282580687,0.9761402122,-0.004461622215,-0.007973383181,0.08827911898,-0.02185427044,,
2026-09-15,757.3900146,46131100,704.539978,26453600,213.9600067,7113200,17.1,4.97,0.32,1.47,97.26,118.2126,0.2824964715,1.143766616,-0.004586781374,-0.006542788427,0.08820156791,-0.02634081106,,
